Rnk,BIB,Rider,Age,Team,UCI,Pnt,GC,GC-Time,Time,year,stage
1,7,Durasek Kristijan,27,Lampre - Merida,6.0,50.0,8.0,+0:18,3:36:52 3:36:52,2015,2
2,77,Moreno Daniel,33,Team Katusha,4.0,30.0,3.0,+0:11,0:04 0:04,2015,2
3,12,Arredondo Juli\xe1n David,26,Trek Factory Racing,2.0,18.0,11.0,+0:19,",, 0:04",2015,2
4,131,Pinot Thibaut,25,FDJ,1.0,13.0,7.0,+0:16,",, 0:04",2015,2
5,52,Thomas Geraint,29,Team Sky,1.0,10.0,2.0,+0:07,",, 0:04",2015,2
6,78,Spilak Simon,28,Team Katusha,,7.0,10.0,+0:19,",, 0:04",2015,2
7,156,Lopez Miguel Angel,21,Astana Pro Team,,4.0,13.0,+0:26,",, 0:04",2015,2
8,151,Fuglsang Jakob,30,Astana Pro Team,,3.0,4.0,+0:14,",, 0:04",2015,2
9,85,Dumoulin Tom,24,Team Giant - Alpecin,,2.0,1.0,+0:00,",, 0:04",2015,2
10,41,Sagan Peter,25,Tinkoff - Saxo,,1.0,5.0,+0:15,0:14 0:14,2015,2
11,33,Hermans Ben,29,BMC Racing Team,,,16.0,+0:32,",, 0:14",2015,2
12,15,Jungels Bob,22,Trek Factory Racing,,,9.0,+0:19,",, 0:14",2015,2
13,111,Anacona Winner,26,Movistar Team,,,12.0,+0:21,",, 0:14",2015,2
14,61,Gesink Robert,29,Team LottoNL-Jumbo,,,17.0,+0:32,",, 0:14",2015,2
15,136,Morabito Steve,32,FDJ,,,6.0,+0:15,",, 0:14",2015,2
16,26,Reichenbach Sebastien,26,IAM Cycling,,,15.0,+0:29,",, 0:14",2015,2
17,102,Chaves Johan Esteban,25,Orica GreenEDGE,,,18.0,+0:39,",, 0:14",2015,2
18,161,Pozzovivo Domenico,32,AG2R La Mondiale,,,14.0,+0:29,",, 0:14",2015,2
19,158,Lutsenko Alexey,22,Astana Pro Team,,,24.0,+1:13,1:01 1:01,2015,2
20,101,Albasini Michael,34,Orica GreenEDGE,,,21.0,+1:06,",, 1:01",2015,2
21,117,Rojas Jos\xe9 Joaqu\xedn,30,Movistar Team,,,25.0,+1:14,",, 1:01",2015,2
22,181,Gasparotto Enrico,33,Wanty - Groupe Gobert,,,27.0,+1:15,",, 1:01",2015,2
23,21,Elmiger Martin,36,IAM Cycling,,,20.0,+1:06,",, 1:01",2015,2
24,4,Conti Valerio,22,Lampre - Merida,,,37.0,+1:26,",, 1:01",2015,2
25,37,Van Avermaet Greg,30,BMC Racing Team,,,19.0,+1:01,",, 1:01",2015,2
26,163,Bakelants Jan,29,AG2R La Mondiale,,,26.0,+1:14,",, 1:01",2015,2
27,175,Rebellin Davide,43,CCC Sprandi Polkowice,,,36.0,+1:26,",, 1:01",2015,2
28,5,Niemiec Przemyslaw,35,Lampre - Merida,,,34.0,+1:24,",, 1:01",2015,2
29,143,Brambilla Gianluca,27,Etixx - Quick Step,,,28.0,+1:17,",, 1:01",2015,2
30,121,Van den Broeck Jurgen,32,Lotto Soudal,,,30.0,+1:19,",, 1:01",2015,2
31,57,Siutsou Kanstantsin,32,Team Sky,,,23.0,+1:09,",, 1:01",2015,2
32,184,de Greef Francis,30,Wanty - Groupe Gobert,,,31.0,+1:20,",, 1:01",2015,2
33,51,Henao Sergio Luis,27,Team Sky,,,29.0,+1:19,",, 1:01",2015,2
34,112,Capecchi Eros,29,Movistar Team,,,33.0,+1:22,",, 1:01",2015,2
35,53,Lopez David,34,Team Sky,,,35.0,+1:24,",, 1:01",2015,2
36,65,ten Dam Laurens,34,Team LottoNL-Jumbo,,,38.0,+1:35,1:05 1:05,2015,2
37,46,Majka Rafa\u0142,25,Tinkoff - Saxo,,,32.0,+1:21,",, 1:05",2015,2
38,114,Izagirre Ion,26,Movistar Team,,,22.0,+1:07,",, 1:05",2015,2
39,174,Schumacher Stefan,33,CCC Sprandi Polkowice,,,39.0,+2:38,2:19 2:19,2015,2
40,91,Danielson Thomas,37,Team Cannondale - Garmin,,,46.0,+2:55,",, 2:19",2015,2
41,17,Schleck Fr\xe4nk,35,Trek Factory Racing,,,42.0,+2:43,",, 2:19",2015,2
42,6,Pibernik Luka,21,Lampre - Merida,,,43.0,+2:43,",, 2:19",2015,2
43,32,Atapuma John Darwin,27,BMC Racing Team,,,45.0,+2:49,",, 2:19",2015,2
44,188,Selvaggi Mirko,30,Wanty - Groupe Gobert,,,44.0,+2:45,",, 2:19",2015,2
45,36,Senni Manuel,23,BMC Racing Team,,,41.0,+2:42,",, 2:19",2015,2
46,93,Cardoso Andr\xe9,30,Team Cannondale - Garmin,,,47.0,+2:57,",, 2:19",2015,2
47,83,Barguil Warren,23,Team Giant - Alpecin,,,40.0,+2:39,",, 2:19",2015,2
48,31,Dillier Silvan,24,BMC Racing Team,,,67.0,+6:53,5:35 5:35,2015,2
49,48,Valgren Michael,23,Tinkoff - Saxo,,,53.0,+5:46,",, 5:35",2015,2
50,35,Gilbert Philippe,32,BMC Racing Team,,,51.0,+5:43,",, 5:35",2015,2
51,38,Wyss Danilo,29,BMC Racing Team,,,50.0,+5:42,",, 5:35",2015,2
52,187,Minnaard Marco,26,Wanty - Groupe Gobert,,,63.0,+6:06,",, 5:35",2015,2
53,94,Dombrowski Joe,24,Team Cannondale - Garmin,,,64.0,+6:08,",, 5:35",2015,2
54,176,Hirt Jan,24,CCC Sprandi Polkowice,,,65.0,+6:08,",, 5:35",2015,2
55,28,Warbasse Larry,24,IAM Cycling,,,56.0,+5:49,",, 5:35",2015,2
56,25,Fumeaux Jonathan,27,IAM Cycling,,,59.0,+5:55,",, 5:35",2015,2
57,104,Impey Daryl,30,Orica GreenEDGE,,,49.0,+5:41,",, 5:35",2015,2
58,108,Meyer Cameron,27,Orica GreenEDGE,,,48.0,+5:33,",, 5:35",2015,2
59,113,Anton Igor,32,Movistar Team,,,57.0,+5:50,",, 5:35",2015,2
60,137,Roy J\xe9r\xe9my,31,FDJ,,,54.0,+5:48,",, 5:35",2015,2
61,8,Costa M\xe1rio,29,Lampre - Merida,,,62.0,+6:04,",, 5:35",2015,2
62,148,Vermote Julien,25,Etixx - Quick Step,,,58.0,+5:53,",, 5:35",2015,2
63,147,Trentin Matteo,25,Etixx - Quick Step,,,52.0,+5:43,",, 5:35",2015,2
64,177,Honkisz Adrian,27,CCC Sprandi Polkowice,,,66.0,+6:16,",, 5:35",2015,2
65,172,Samoilau Branislau,30,CCC Sprandi Polkowice,,,60.0,+6:01,",, 5:35",2015,2
66,144,Go\u0142a\u015b Micha\u0142,31,Etixx - Quick Step,,,55.0,+5:49,",, 5:35",2015,2
67,171,Szmyd Sylwester,37,CCC Sprandi Polkowice,,,61.0,+6:02,",, 5:35",2015,2
68,127,Monfort Maxime,32,Lotto Soudal,,,75.0,+7:34,7:18 7:18,2015,2
69,56,Knees Christian,34,Team Sky,,,74.0,+7:32,",, 7:18",2015,2
70,14,Didier Laurent,30,Trek Factory Racing,,,81.0,+7:47,",, 7:18",2015,2
71,118,Ventoso Francisco,33,Movistar Team,,,69.0,+7:24,",, 7:18",2015,2
72,182,Backaert Frederik,25,Wanty - Groupe Gobert,,,80.0,+7:44,",, 7:18",2015,2
73,82,Arndt Nikias,23,Team Giant - Alpecin,,,70.0,+7:24,",, 7:18",2015,2
74,23,Denifl Stefan,27,IAM Cycling,,,79.0,+7:43,",, 7:18",2015,2
75,162,Bonnafond Guillaume,27,AG2R La Mondiale,,,82.0,+7:52,",, 7:18",2015,2
76,74,Kozonchuk Dmitry,31,Team Katusha,,,77.0,+7:39,",, 7:18",2015,2
77,135,Ladagnous Matthieu,30,FDJ,,,73.0,+7:31,",, 7:18",2015,2
78,123,Breen Vegard,25,Lotto Soudal,,,72.0,+7:30,",, 7:18",2015,2
79,22,Coppel J\xe9rome,28,IAM Cycling,,,68.0,+7:23,",, 7:18",2015,2
80,44,Breschel Matti,30,Tinkoff - Saxo,,,78.0,+7:42,",, 7:18",2015,2
81,47,M\xf8rk\xf8v Michael,30,Tinkoff - Saxo,,,76.0,+7:38,",, 7:18",2015,2
82,24,Devenyns Dries,31,IAM Cycling,,,71.0,+7:28,",, 7:18",2015,2
83,146,Stybar Zdenek,29,Etixx - Quick Step,,,87.0,+10:19,10:13 10:13,2015,2
84,34,Drucker Jean-Pierre,28,BMC Racing Team,,,85.0,+10:18,",, 10:13",2015,2
85,173,Rutkiewicz Marek,34,CCC Sprandi Polkowice,,,105.0,+10:41,",, 10:13",2015,2
86,141,Kwiatkowski Michal,25,Etixx - Quick Step,,,96.0,+10:30,",, 10:13",2015,2
87,125,De Gendt Thomas,28,Lotto Soudal,,,94.0,+10:28,",, 10:13",2015,2
88,183,Baugnies Jerome,28,Wanty - Groupe Gobert,,,98.0,+10:32,",, 10:13",2015,2
89,16,Rast Gregory,35,Trek Factory Racing,,,95.0,+10:29,",, 10:13",2015,2
90,81,Degenkolb John,26,Team Giant - Alpecin,,,91.0,+10:24,",, 10:13",2015,2
91,73,Haller Marco,24,Team Katusha,,,99.0,+10:32,",, 10:13",2015,2
92,87,Jones Carter,26,Team Giant - Alpecin,,,106.0,+10:42,",, 10:13",2015,2
93,116,Malori Adriano,27,Movistar Team,,,83.0,+10:15,",, 10:13",2015,2
94,154,Agnoli Valerio,30,Astana Pro Team,,,97.0,+10:30,",, 10:13",2015,2
95,168,Domont Axel,24,AG2R La Mondiale,,,107.0,+10:43,",, 10:13",2015,2
96,103,Clarke Simon,28,Orica GreenEDGE,,,101.0,+10:34,",, 10:13",2015,2
97,107,Matthews Michael,24,Orica GreenEDGE,,,84.0,+10:17,",, 10:13",2015,2
98,64,Martens Paul,31,Team LottoNL-Jumbo,,,92.0,+10:25,",, 10:13",2015,2
99,97,Mohoric Matej,20,Team Cannondale - Garmin,,,104.0,+10:39,",, 10:13",2015,2
100,67,Vanmarcke Sep,26,Team LottoNL-Jumbo,,,88.0,+10:20,",, 10:13",2015,2
101,128,Roelandts Jurgen,29,Lotto Soudal,,,86.0,+10:18,",, 10:13",2015,2
102,165,Turgot S\xe9bastien,31,AG2R La Mondiale,,,93.0,+10:27,",, 10:13",2015,2
103,164,Gaudin Damien,28,AG2R La Mondiale,,,90.0,+10:24,",, 10:13",2015,2
104,92,Bettiol Alberto,21,Team Cannondale - Garmin,,,102.0,+10:34,",, 10:13",2015,2
105,186,Marcato Marco,31,Wanty - Groupe Gobert,,,89.0,+10:23,",, 10:13",2015,2
106,153,Fominykh Daniil,23,Astana Pro Team,,,103.0,+10:35,",, 10:13",2015,2
107,75,Kuznetsov Viacheslav,25,Team Katusha,,,100.0,+10:33,",, 10:13",2015,2
108,96,Howes Alex,27,Team Cannondale - Garmin,,,129.0,+13:48,13:19 13:19,2015,2
109,145,Renshaw Mark,32,Etixx - Quick Step,,,117.0,+13:38,",, 13:19",2015,2
110,142,Cavendish Mark,30,Etixx - Quick Step,,,112.0,+13:31,",, 13:19",2015,2
111,63,Lindeman Bert-Jan,25,Team LottoNL-Jumbo,,,118.0,+13:38,",, 13:19",2015,2
112,68,Teunissen Mike,22,Team LottoNL-Jumbo,,,113.0,+13:31,",, 13:19",2015,2
113,86,Fr\xf6hlinger Johannes,30,Team Giant - Alpecin,,,127.0,+13:47,",, 13:19",2015,2
114,105,Hayman Mathew,37,Orica GreenEDGE,,,114.0,+13:32,",, 13:19",2015,2
115,88,Preidler Georg,24,Team Giant - Alpecin,,,115.0,+13:35,",, 13:19",2015,2
116,95,King Benjamin,26,Team Cannondale - Garmin,,,109.0,+13:25,",, 13:19",2015,2
117,43,Trusov Nikolay,29,Tinkoff - Saxo,,,121.0,+13:42,",, 13:19",2015,2
118,84,de Kort Koen,32,Team Giant - Alpecin,,,120.0,+13:39,",, 13:19",2015,2
119,126,Dehaes Kenny,30,Lotto Soudal,,,123.0,+13:44,",, 13:19",2015,2
120,124,de Buyst Jasper,21,Lotto Soudal,,,116.0,+13:35,",, 13:19",2015,2
121,98,Moser Moreno,24,Team Cannondale - Garmin,,,110.0,+13:27,",, 13:19",2015,2
122,42,Bennati Daniele,34,Tinkoff - Saxo,,,111.0,+13:27,",, 13:19",2015,2
123,11,Cancellara Fabian,34,Trek Factory Racing,,,108.0,+13:17,",, 13:19",2015,2
124,167,Minard S\xe9bastien,33,AG2R La Mondiale,,,130.0,+13:48,",, 13:19",2015,2
125,185,Antonini Simone,24,Wanty - Groupe Gobert,,,125.0,+13:46,",, 13:19",2015,2
126,133,Chavanel S\xe9bastien,32,FDJ,,,122.0,+13:43,",, 13:19",2015,2
127,166,Kadri Blel,28,AG2R La Mondiale,,,124.0,+13:46,",, 13:19",2015,2
128,45,Brutt Pavel,33,Tinkoff - Saxo,,,119.0,+13:38,",, 13:19",2015,2
129,2,Bonifazio Niccolo,21,Lampre - Merida,,,126.0,+13:47,",, 13:19",2015,2
130,178,Bole Grega,29,CCC Sprandi Polkowice,,,128.0,+13:48,",, 13:19",2015,2
131,132,Bonnet William,32,FDJ,,,139.0,+16:02,15:46 15:46,2015,2
132,72,Guarnieri Jacopo,27,Team Katusha,,,140.0,+16:08,",, 15:46",2015,2
133,1,Cimolai Davide,25,Lampre - Merida,,,147.0,+16:15,",, 15:46",2015,2
134,13,Devolder Stijn,35,Trek Factory Racing,,,138.0,+16:01,",, 15:46",2015,2
135,18,Stuyven Jasper,23,Trek Factory Racing,,,134.0,+15:59,",, 15:46",2015,2
136,155,Kozhatayev Bakhtiyar,23,Astana Pro Team,,,149.0,+16:18,",, 15:46",2015,2
137,58,Pate Danny,36,Team Sky,,,136.0,+15:59,",, 15:46",2015,2
138,122,Arm\xe9e Sander,29,Lotto Soudal,,,150.0,+16:19,",, 15:46",2015,2
139,152,Bozic Borut,34,Astana Pro Team,,,133.0,+15:59,",, 15:46",2015,2
140,76,Lagutin Sergey,34,Team Katusha,,,143.0,+16:11,",, 15:46",2015,2
141,134,D\xe9mare Arnaud,23,FDJ,,,137.0,+16:01,",, 15:46",2015,2
142,71,Kristoff Alexander,27,Team Katusha,,,132.0,+15:58,",, 15:46",2015,2
143,54,Nordhaug Lars Petter,31,Team Sky,,,148.0,+16:17,",, 15:46",2015,2
144,3,Xu Gang,31,Lampre - Merida,,,151.0,+16:26,",, 15:46",2015,2
145,66,Van Asbroeck Tom,25,Team LottoNL-Jumbo,,,145.0,+16:12,",, 15:46",2015,2
146,62,Leezer Tom,29,Team LottoNL-Jumbo,,,141.0,+16:10,",, 15:46",2015,2
147,27,Br\xe4ndle Matthias,25,IAM Cycling,,,131.0,+15:46,",, 15:46",2015,2
148,55,Eisel Bernhard,34,Team Sky,,,146.0,+16:13,",, 15:46",2015,2
149,106,Tuft Svein,38,Orica GreenEDGE,,,135.0,+15:59,",, 15:46",2015,2
150,157,Malacarne Davide,27,Astana Pro Team,,,144.0,+16:11,",, 15:46",2015,2
151,138,Vichot Arthur,26,FDJ,,,142.0,+16:10,",, 15:46",2015,2
DNS,115,Moreno Javier,30,Movistar Team,,,,+ -3:42:37,",, 15:46",2015,2
1,41,Sagan Peter,25,Tinkoff - Saxo,6.0,50.0,3.0,+0:05,3:00:35 3:00:35,2015,3
2,77,Moreno Daniel,33,Team Katusha,4.0,30.0,2.0,+0:05,",, ,,",2015,3
3,131,Pinot Thibaut,25,FDJ,2.0,18.0,5.0,+0:12,",, ,,",2015,3
4,12,Arredondo Juli\xe1n David,26,Trek Factory Racing,1.0,13.0,11.0,+0:19,",, ,,",2015,3
5,85,Dumoulin Tom,24,Team Giant - Alpecin,1.0,10.0,1.0,+0:00,",, ,,",2015,3
6,52,Thomas Geraint,29,Team Sky,,7.0,4.0,+0:07,",, ,,",2015,3
7,151,Fuglsang Jakob,30,Astana Pro Team,,4.0,6.0,+0:14,",, ,,",2015,3
8,102,Chaves Johan Esteban,25,Orica GreenEDGE,,3.0,18.0,+0:39,",, ,,",2015,3
9,51,Henao Sergio Luis,27,Team Sky,,2.0,23.0,+1:19,",, ,,",2015,3
10,117,Rojas Jos\xe9 Joaqu\xedn,30,Movistar Team,,1.0,20.0,+1:14,",, ,,",2015,3
11,163,Bakelants Jan,29,AG2R La Mondiale,,,21.0,+1:14,",, ,,",2015,3
12,175,Rebellin Davide,43,CCC Sprandi Polkowice,,,26.0,+1:26,",, ,,",2015,3
13,78,Spilak Simon,28,Team Katusha,,,10.0,+0:19,",, ,,",2015,3
14,61,Gesink Robert,29,Team LottoNL-Jumbo,,,17.0,+0:32,",, ,,",2015,3
15,161,Pozzovivo Domenico,32,AG2R La Mondiale,,,14.0,+0:29,",, ,,",2015,3
16,26,Reichenbach Sebastien,26,IAM Cycling,,,15.0,+0:29,",, ,,",2015,3
17,7,Durasek Kristijan,27,Lampre - Merida,,,8.0,+0:18,",, ,,",2015,3
18,107,Matthews Michael,24,Orica GreenEDGE,,,51.0,+10:17,",, ,,",2015,3
19,4,Conti Valerio,22,Lampre - Merida,,,27.0,+1:26,",, ,,",2015,3
20,156,Lopez Miguel Angel,21,Astana Pro Team,,,13.0,+0:26,",, ,,",2015,3
21,121,Van den Broeck Jurgen,32,Lotto Soudal,,,24.0,+1:19,",, ,,",2015,3
22,15,Jungels Bob,22,Trek Factory Racing,,,9.0,+0:19,",, ,,",2015,3
23,143,Brambilla Gianluca,27,Etixx - Quick Step,,,22.0,+1:17,",, ,,",2015,3
24,33,Hermans Ben,29,BMC Racing Team,,,16.0,+0:32,",, ,,",2015,3
25,83,Barguil Warren,23,Team Giant - Alpecin,,,32.0,+2:39,",, ,,",2015,3
26,136,Morabito Steve,32,FDJ,,,7.0,+0:15,",, ,,",2015,3
27,17,Schleck Fr\xe4nk,35,Trek Factory Racing,,,34.0,+2:43,",, ,,",2015,3
28,57,Siutsou Kanstantsin,32,Team Sky,,,19.0,+1:09,",, ,,",2015,3
29,111,Anacona Winner,26,Movistar Team,,,12.0,+0:21,",, ,,",2015,3
30,65,ten Dam Laurens,34,Team LottoNL-Jumbo,,,28.0,+1:35,",, ,,",2015,3
31,46,Majka Rafa\u0142,25,Tinkoff - Saxo,,,25.0,+1:21,",, ,,",2015,3
32,22,Coppel J\xe9rome,28,IAM Cycling,,,44.0,+7:36,0:13 0:13,2015,3
33,158,Lutsenko Alexey,22,Astana Pro Team,,,30.0,+2:32,1:19 1:19,2015,3
34,181,Gasparotto Enrico,33,Wanty - Groupe Gobert,,,31.0,+2:37,1:22 1:22,2015,3
35,104,Impey Daryl,30,Orica GreenEDGE,,,40.0,+7:03,",, 1:22",2015,3
36,94,Dombrowski Joe,24,Team Cannondale - Garmin,,,42.0,+7:30,",, 1:22",2015,3
37,37,Van Avermaet Greg,30,BMC Racing Team,,,29.0,+2:23,",, 1:22",2015,3
38,127,Monfort Maxime,32,Lotto Soudal,,,47.0,+8:56,",, 1:22",2015,3
39,184,de Greef Francis,30,Wanty - Groupe Gobert,,,33.0,+2:42,",, 1:22",2015,3
40,5,Niemiec Przemyslaw,35,Lampre - Merida,,,35.0,+2:46,",, 1:22",2015,3
41,32,Atapuma John Darwin,27,BMC Racing Team,,,37.0,+4:11,",, 1:22",2015,3
42,98,Moser Moreno,24,Team Cannondale - Garmin,,,65.0,+14:49,",, 1:22",2015,3
43,172,Samoilau Branislau,30,CCC Sprandi Polkowice,,,41.0,+7:20,",, 1:22",2015,3
44,53,Lopez David,34,Team Sky,,,36.0,+2:46,",, 1:22",2015,3
45,137,Roy J\xe9r\xe9my,31,FDJ,,,45.0,+8:44,2:56 2:56,2015,3
46,187,Minnaard Marco,26,Wanty - Groupe Gobert,,,48.0,+9:02,",, 2:56",2015,3
47,28,Warbasse Larry,24,IAM Cycling,,,46.0,+8:45,",, 2:56",2015,3
48,36,Senni Manuel,23,BMC Racing Team,,,39.0,+5:38,",, 2:56",2015,3
49,101,Albasini Michael,34,Orica GreenEDGE,,,38.0,+4:36,3:30 3:30,2015,3
50,23,Denifl Stefan,27,IAM Cycling,,,56.0,+11:46,4:06 4:06,2015,3
51,97,Mohoric Matej,20,Team Cannondale - Garmin,,,64.0,+14:45,",, 4:06",2015,3
52,174,Schumacher Stefan,33,CCC Sprandi Polkowice,,,43.0,+7:32,4:54 4:54,2015,3
53,113,Anton Igor,32,Movistar Team,,,52.0,+10:44,",, 4:54",2015,3
54,56,Knees Christian,34,Team Sky,,,58.0,+12:36,5:04 5:04,2015,3
55,178,Bole Grega,29,CCC Sprandi Polkowice,,,80.0,+18:52,",, 5:04",2015,3
56,118,Ventoso Francisco,33,Movistar Team,,,57.0,+12:28,",, 5:04",2015,3
57,168,Domont Axel,24,AG2R La Mondiale,,,72.0,+16:12,5:29 5:29,2015,3
58,148,Vermote Julien,25,Etixx - Quick Step,,,62.0,+14:41,8:48 8:48,2015,3
59,147,Trentin Matteo,25,Etixx - Quick Step,,,59.0,+14:31,",, 8:48",2015,3
60,6,Pibernik Luka,21,Lampre - Merida,,,53.0,+11:31,",, 8:48",2015,3
61,48,Valgren Michael,23,Tinkoff - Saxo,,,60.0,+14:34,",, 8:48",2015,3
62,162,Bonnafond Guillaume,27,AG2R La Mondiale,,,77.0,+16:40,",, 8:48",2015,3
63,88,Preidler Georg,24,Team Giant - Alpecin,,,90.0,+22:23,",, 8:48",2015,3
64,64,Martens Paul,31,Team LottoNL-Jumbo,,,83.0,+19:13,",, 8:48",2015,3
65,182,Backaert Frederik,25,Wanty - Groupe Gobert,,,75.0,+16:32,",, 8:48",2015,3
66,125,De Gendt Thomas,28,Lotto Soudal,,,85.0,+19:16,",, 8:48",2015,3
67,144,Go\u0142a\u015b Micha\u0142,31,Etixx - Quick Step,,,61.0,+14:37,",, 8:48",2015,3
68,31,Dillier Silvan,24,BMC Racing Team,,,69.0,+15:41,",, 8:48",2015,3
69,21,Elmiger Martin,36,IAM Cycling,,,49.0,+9:54,",, 8:48",2015,3
70,165,Turgot S\xe9bastien,31,AG2R La Mondiale,,,84.0,+19:15,",, 8:48",2015,3
71,93,Cardoso Andr\xe9,30,Team Cannondale - Garmin,,,55.0,+11:45,",, 8:48",2015,3
72,171,Szmyd Sylwester,37,CCC Sprandi Polkowice,,,66.0,+14:50,",, 8:48",2015,3
73,25,Fumeaux Jonathan,27,IAM Cycling,,,63.0,+14:43,",, 8:48",2015,3
74,91,Danielson Thomas,37,Team Cannondale - Garmin,,,54.0,+11:43,",, 8:48",2015,3
75,14,Didier Laurent,30,Trek Factory Racing,,,76.0,+16:35,",, 8:48",2015,3
76,18,Stuyven Jasper,23,Trek Factory Racing,,,102.0,+24:47,",, 8:48",2015,3
77,177,Honkisz Adrian,27,CCC Sprandi Polkowice,,,68.0,+15:04,",, 8:48",2015,3
78,135,Ladagnous Matthieu,30,FDJ,,,73.0,+16:19,",, 8:48",2015,3
79,176,Hirt Jan,24,CCC Sprandi Polkowice,,,67.0,+14:56,",, 8:48",2015,3
80,116,Malori Adriano,27,Movistar Team,,,82.0,+19:03,",, 8:48",2015,3
81,114,Izagirre Ion,26,Movistar Team,,,50.0,+9:55,",, 8:48",2015,3
82,108,Meyer Cameron,27,Orica GreenEDGE,,,71.0,+16:03,10:30 10:30,2015,3
83,103,Clarke Simon,28,Orica GreenEDGE,,,89.0,+21:04,",, 10:30",2015,3
84,157,Malacarne Davide,27,Astana Pro Team,,,106.0,+26:56,10:45 10:45,2015,3
85,105,Hayman Mathew,37,Orica GreenEDGE,,,99.0,+24:17,",, 10:45",2015,3
86,38,Wyss Danilo,29,BMC Racing Team,,,74.0,+16:27,",, 10:45",2015,3
87,123,Breen Vegard,25,Lotto Soudal,,,78.0,+18:15,",, 10:45",2015,3
88,95,King Benjamin,26,Team Cannondale - Garmin,,,103.0,+26:38,13:13 13:13,2015,3
89,96,Howes Alex,27,Team Cannondale - Garmin,,,107.0,+27:01,",, 13:13",2015,3
90,44,Breschel Matti,30,Tinkoff - Saxo,,,88.0,+20:55,",, 13:13",2015,3
91,188,Selvaggi Mirko,30,Wanty - Groupe Gobert,,,70.0,+15:58,",, 13:13",2015,3
92,154,Agnoli Valerio,30,Astana Pro Team,,,98.0,+23:43,",, 13:13",2015,3
93,186,Marcato Marco,31,Wanty - Groupe Gobert,,,92.0,+23:30,",, 13:13",2015,3
94,84,de Kort Koen,32,Team Giant - Alpecin,,,105.0,+26:52,",, 13:13",2015,3
95,82,Arndt Nikias,23,Team Giant - Alpecin,,,86.0,+20:37,",, 13:13",2015,3
96,35,Gilbert Philippe,32,BMC Racing Team,,,81.0,+18:56,",, 13:13",2015,3
97,34,Drucker Jean-Pierre,28,BMC Racing Team,,,93.0,+23:31,",, 13:13",2015,3
98,146,Stybar Zdenek,29,Etixx - Quick Step,,,94.0,+23:32,",, 13:13",2015,3
99,141,Kwiatkowski Michal,25,Etixx - Quick Step,,,97.0,+23:43,",, 13:13",2015,3
100,155,Kozhatayev Bakhtiyar,23,Astana Pro Team,,,120.0,+29:31,",, 13:13",2015,3
101,24,Devenyns Dries,31,IAM Cycling,,,87.0,+20:41,",, 13:13",2015,3
102,167,Minard S\xe9bastien,33,AG2R La Mondiale,,,108.0,+27:01,",, 13:13",2015,3
103,164,Gaudin Damien,28,AG2R La Mondiale,,,95.0,+23:37,",, 13:13",2015,3
104,124,de Buyst Jasper,21,Lotto Soudal,,,104.0,+26:48,",, 13:13",2015,3
105,81,Degenkolb John,26,Team Giant - Alpecin,,,96.0,+23:37,",, 13:13",2015,3
106,54,Nordhaug Lars Petter,31,Team Sky,,,119.0,+29:30,",, 13:13",2015,3
107,55,Eisel Bernhard,34,Team Sky,,,148.0,+33:15,17:02 17:02,2015,3
108,11,Cancellara Fabian,34,Trek Factory Racing,,,121.0,+30:19,",, 17:02",2015,3
109,73,Haller Marco,24,Team Katusha,,,113.0,+27:34,",, 17:02",2015,3
110,86,Fr\xf6hlinger Johannes,30,Team Giant - Alpecin,,,134.0,+30:49,",, 17:02",2015,3
111,13,Devolder Stijn,35,Trek Factory Racing,,,141.0,+33:03,",, 17:02",2015,3
112,8,Costa M\xe1rio,29,Lampre - Merida,,,91.0,+23:06,",, 17:02",2015,3
113,72,Guarnieri Jacopo,27,Team Katusha,,,143.0,+33:10,",, 17:02",2015,3
114,16,Rast Gregory,35,Trek Factory Racing,,,111.0,+27:31,",, 17:02",2015,3
115,152,Bozic Borut,34,Astana Pro Team,,,137.0,+33:01,",, 17:02",2015,3
116,87,Jones Carter,26,Team Giant - Alpecin,,,118.0,+27:44,",, 17:02",2015,3
117,3,Xu Gang,31,Lampre - Merida,,,151.0,+33:28,",, 17:02",2015,3
118,173,Rutkiewicz Marek,34,CCC Sprandi Polkowice,,,117.0,+27:43,",, 17:02",2015,3
119,75,Kuznetsov Viacheslav,25,Team Katusha,,,114.0,+27:35,",, 17:02",2015,3
120,92,Bettiol Alberto,21,Team Cannondale - Garmin,,,115.0,+27:36,",, 17:02",2015,3
121,183,Baugnies Jerome,28,Wanty - Groupe Gobert,,,112.0,+27:34,",, 17:02",2015,3
122,185,Antonini Simone,24,Wanty - Groupe Gobert,,,132.0,+30:48,",, 17:02",2015,3
123,71,Kristoff Alexander,27,Team Katusha,,,136.0,+33:00,",, 17:02",2015,3
124,145,Renshaw Mark,32,Etixx - Quick Step,,,125.0,+30:40,",, 17:02",2015,3
125,133,Chavanel S\xe9bastien,32,FDJ,,,129.0,+30:45,",, 17:02",2015,3
126,1,Cimolai Davide,25,Lampre - Merida,,,149.0,+33:17,",, 17:02",2015,3
127,132,Bonnet William,32,FDJ,,,142.0,+33:04,",, 17:02",2015,3
128,134,D\xe9mare Arnaud,23,FDJ,,,140.0,+33:03,",, 17:02",2015,3
129,27,Br\xe4ndle Matthias,25,IAM Cycling,,,135.0,+32:48,",, 17:02",2015,3
130,2,Bonifazio Niccolo,21,Lampre - Merida,,,133.0,+30:49,",, 17:02",2015,3
131,112,Capecchi Eros,29,Movistar Team,,,79.0,+18:24,",, 17:02",2015,3
132,76,Lagutin Sergey,34,Team Katusha,,,146.0,+33:13,",, 17:02",2015,3
133,43,Trusov Nikolay,29,Tinkoff - Saxo,,,128.0,+30:44,",, 17:02",2015,3
134,68,Teunissen Mike,22,Team LottoNL-Jumbo,,,124.0,+30:33,",, 17:02",2015,3
135,67,Vanmarcke Sep,26,Team LottoNL-Jumbo,,,110.0,+27:22,",, 17:02",2015,3
136,128,Roelandts Jurgen,29,Lotto Soudal,,,109.0,+27:20,",, 17:02",2015,3
137,62,Leezer Tom,29,Team LottoNL-Jumbo,,,144.0,+33:12,",, 17:02",2015,3
138,126,Dehaes Kenny,30,Lotto Soudal,,,130.0,+30:46,",, 17:02",2015,3
139,122,Arm\xe9e Sander,29,Lotto Soudal,,,150.0,+33:21,",, 17:02",2015,3
140,45,Brutt Pavel,33,Tinkoff - Saxo,,,127.0,+30:40,",, 17:02",2015,3
141,74,Kozonchuk Dmitry,31,Team Katusha,,,101.0,+24:41,",, 17:02",2015,3
142,66,Van Asbroeck Tom,25,Team LottoNL-Jumbo,,,147.0,+33:14,",, 17:02",2015,3
143,63,Lindeman Bert-Jan,25,Team LottoNL-Jumbo,,,126.0,+30:40,",, 17:02",2015,3
144,153,Fominykh Daniil,23,Astana Pro Team,,,116.0,+27:37,",, 17:02",2015,3
145,166,Kadri Blel,28,AG2R La Mondiale,,,131.0,+30:48,",, 17:02",2015,3
146,47,M\xf8rk\xf8v Michael,30,Tinkoff - Saxo,,,100.0,+24:40,",, 17:02",2015,3
147,42,Bennati Daniele,34,Tinkoff - Saxo,,,122.0,+30:29,",, 17:02",2015,3
148,142,Cavendish Mark,30,Etixx - Quick Step,,,123.0,+30:33,",, 17:02",2015,3
149,138,Vichot Arthur,26,FDJ,,,145.0,+33:12,",, 17:02",2015,3
150,58,Pate Danny,36,Team Sky,,,139.0,+33:01,",, 17:02",2015,3
151,106,Tuft Svein,38,Orica GreenEDGE,,,138.0,+33:01,",, 17:02",2015,3
1,107,Matthews Michael,24,Orica GreenEDGE,6.0,50.0,41.0,+10:10,4:36:00 4:36:00,2015,4
2,41,Sagan Peter,25,Tinkoff - Saxo,4.0,30.0,2.0,+0:00,",, ,,",2015,4
3,37,Van Avermaet Greg,30,BMC Racing Team,2.0,18.0,27.0,+2:22,",, ,,",2015,4
4,81,Degenkolb John,26,Team Giant - Alpecin,1.0,13.0,72.0,+23:40,",, ,,",2015,4
5,18,Stuyven Jasper,23,Trek Factory Racing,1.0,10.0,75.0,+24:50,",, ,,",2015,4
6,77,Moreno Daniel,33,Team Katusha,,7.0,3.0,+0:08,",, ,,",2015,4
7,31,Dillier Silvan,24,BMC Racing Team,,4.0,53.0,+15:44,",, ,,",2015,4
8,131,Pinot Thibaut,25,FDJ,,3.0,5.0,+0:15,",, ,,",2015,4
9,147,Trentin Matteo,25,Etixx - Quick Step,,2.0,48.0,+14:34,",, ,,",2015,4
10,61,Gesink Robert,29,Team LottoNL-Jumbo,,1.0,17.0,+0:35,",, ,,",2015,4
11,85,Dumoulin Tom,24,Team Giant - Alpecin,,,1.0,+0:00,",, ,,",2015,4
12,181,Gasparotto Enrico,33,Wanty - Groupe Gobert,,,30.0,+2:40,",, ,,",2015,4
13,151,Fuglsang Jakob,30,Astana Pro Team,,,6.0,+0:17,",, ,,",2015,4
14,83,Barguil Warren,23,Team Giant - Alpecin,,,31.0,+2:41,",, ,,",2015,4
15,12,Arredondo Juli\xe1n David,26,Trek Factory Racing,,,11.0,+0:22,",, ,,",2015,4
16,51,Henao Sergio Luis,27,Team Sky,,,23.0,+1:22,",, ,,",2015,4
17,33,Hermans Ben,29,BMC Racing Team,,,16.0,+0:35,",, ,,",2015,4
18,67,Vanmarcke Sep,26,Team LottoNL-Jumbo,,,81.0,+27:25,",, ,,",2015,4
19,102,Chaves Johan Esteban,25,Orica GreenEDGE,,,18.0,+0:42,",, ,,",2015,4
20,136,Morabito Steve,32,FDJ,,,7.0,+0:18,",, ,,",2015,4
21,26,Reichenbach Sebastien,26,IAM Cycling,,,15.0,+0:32,",, ,,",2015,4
22,156,Lopez Miguel Angel,21,Astana Pro Team,,,13.0,+0:29,",, ,,",2015,4
23,158,Lutsenko Alexey,22,Astana Pro Team,,,29.0,+2:32,",, ,,",2015,4
24,78,Spilak Simon,28,Team Katusha,,,10.0,+0:22,",, ,,",2015,4
25,175,Rebellin Davide,43,CCC Sprandi Polkowice,,,26.0,+1:29,",, ,,",2015,4
26,143,Brambilla Gianluca,27,Etixx - Quick Step,,,22.0,+1:20,",, ,,",2015,4
27,111,Anacona Winner,26,Movistar Team,,,12.0,+0:24,",, ,,",2015,4
28,52,Thomas Geraint,29,Team Sky,,,4.0,+0:09,",, ,,",2015,4
29,7,Durasek Kristijan,27,Lampre - Merida,,,8.0,+0:21,",, ,,",2015,4
30,15,Jungels Bob,22,Trek Factory Racing,,,9.0,+0:22,",, ,,",2015,4
31,121,Van den Broeck Jurgen,32,Lotto Soudal,,,24.0,+1:22,",, ,,",2015,4
32,184,de Greef Francis,30,Wanty - Groupe Gobert,,,32.0,+2:45,",, ,,",2015,4
33,187,Minnaard Marco,26,Wanty - Groupe Gobert,,,40.0,+9:05,",, ,,",2015,4
34,93,Cardoso Andr\xe9,30,Team Cannondale - Garmin,,,44.0,+11:48,",, ,,",2015,4
35,94,Dombrowski Joe,24,Team Cannondale - Garmin,,,37.0,+7:33,",, ,,",2015,4
36,163,Bakelants Jan,29,AG2R La Mondiale,,,21.0,+1:17,",, ,,",2015,4
37,57,Siutsou Kanstantsin,32,Team Sky,,,19.0,+1:12,",, ,,",2015,4
38,75,Kuznetsov Viacheslav,25,Team Katusha,,,84.0,+27:38,",, ,,",2015,4
39,144,Go\u0142a\u015b Micha\u0142,31,Etixx - Quick Step,,,49.0,+14:40,",, ,,",2015,4
40,161,Pozzovivo Domenico,32,AG2R La Mondiale,,,14.0,+0:32,",, ,,",2015,4
41,148,Vermote Julien,25,Etixx - Quick Step,,,51.0,+15:24,0:40 0:40,2015,4
42,104,Impey Daryl,30,Orica GreenEDGE,,,38.0,+7:56,0:50 0:50,2015,4
43,65,ten Dam Laurens,34,Team LottoNL-Jumbo,,,28.0,+2:29,0:51 0:51,2015,4
44,46,Majka Rafa\u0142,25,Tinkoff - Saxo,,,25.0,+1:24,0:00 0:00,2015,4
45,28,Warbasse Larry,24,IAM Cycling,,,39.0,+8:48,",, 0:00",2015,4
46,17,Schleck Fr\xe4nk,35,Trek Factory Racing,,,33.0,+2:46,",, 0:00",2015,4
47,73,Haller Marco,24,Team Katusha,,,90.0,+28:55,1:18 1:18,2015,4
48,101,Albasini Michael,34,Orica GreenEDGE,,,35.0,+5:57,",, 1:18",2015,4
49,117,Rojas Jos\xe9 Joaqu\xedn,30,Movistar Team,,,20.0,+1:17,0:00 0:00,2015,4
50,186,Marcato Marco,31,Wanty - Groupe Gobert,,,77.0,+25:37,2:04 2:04,2015,4
51,82,Arndt Nikias,23,Team Giant - Alpecin,,,69.0,+22:54,2:14 2:14,2015,4
52,154,Agnoli Valerio,30,Astana Pro Team,,,79.0,+26:23,2:37 2:37,2015,4
53,188,Selvaggi Mirko,30,Wanty - Groupe Gobert,,,59.0,+18:38,",, 2:37",2015,4
54,42,Bennati Daniele,34,Tinkoff - Saxo,,,98.0,+33:09,",, 2:37",2015,4
55,32,Atapuma John Darwin,27,BMC Racing Team,,,36.0,+6:51,",, 2:37",2015,4
56,6,Pibernik Luka,21,Lampre - Merida,,,47.0,+14:11,",, 2:37",2015,4
57,152,Bozic Borut,34,Astana Pro Team,,,104.0,+35:41,",, 2:37",2015,4
58,76,Lagutin Sergey,34,Team Katusha,,,107.0,+35:53,",, 2:37",2015,4
59,4,Conti Valerio,22,Lampre - Merida,,,34.0,+4:06,",, 2:37",2015,4
60,56,Knees Christian,34,Team Sky,,,50.0,+15:16,",, 2:37",2015,4
61,21,Elmiger Martin,36,IAM Cycling,,,45.0,+12:34,",, 2:37",2015,4
62,176,Hirt Jan,24,CCC Sprandi Polkowice,,,58.0,+17:36,",, 2:37",2015,4
63,48,Valgren Michael,23,Tinkoff - Saxo,,,55.0,+17:14,",, 2:37",2015,4
64,95,King Benjamin,26,Team Cannondale - Garmin,,,92.0,+29:18,",, 2:37",2015,4
65,25,Fumeaux Jonathan,27,IAM Cycling,,,56.0,+17:23,",, 2:37",2015,4
66,171,Szmyd Sylwester,37,CCC Sprandi Polkowice,,,57.0,+17:30,",, 2:37",2015,4
67,141,Kwiatkowski Michal,25,Etixx - Quick Step,,,78.0,+26:23,",, 2:37",2015,4
68,112,Capecchi Eros,29,Movistar Team,,,64.0,+21:04,",, 2:37",2015,4
69,127,Monfort Maxime,32,Lotto Soudal,,,42.0,+11:36,",, 2:37",2015,4
70,162,Bonnafond Guillaume,27,AG2R La Mondiale,,,62.0,+20:04,3:21 3:21,2015,4
71,64,Martens Paul,31,Team LottoNL-Jumbo,,,71.0,+23:24,4:08 4:08,2015,4
72,47,M\xf8rk\xf8v Michael,30,Tinkoff - Saxo,,,88.0,+28:51,",, 4:08",2015,4
73,123,Breen Vegard,25,Lotto Soudal,,,67.0,+22:26,",, 4:08",2015,4
74,91,Danielson Thomas,37,Team Cannondale - Garmin,,,54.0,+15:54,",, 4:08",2015,4
75,146,Stybar Zdenek,29,Etixx - Quick Step,,,85.0,+27:43,",, 4:08",2015,4
76,22,Coppel J\xe9rome,28,IAM Cycling,,,43.0,+11:47,",, 4:08",2015,4
77,74,Kozonchuk Dmitry,31,Team Katusha,,,89.0,+28:52,",, 4:08",2015,4
78,135,Ladagnous Matthieu,30,FDJ,,,65.0,+21:11,4:49 4:49,2015,4
79,137,Roy J\xe9r\xe9my,31,FDJ,,,46.0,+13:36,",, 4:49",2015,4
80,38,Wyss Danilo,29,BMC Racing Team,,,66.0,+21:43,5:13 5:13,2015,4
81,103,Clarke Simon,28,Orica GreenEDGE,,,86.0,+27:49,6:42 6:42,2015,4
82,125,De Gendt Thomas,28,Lotto Soudal,,,82.0,+27:33,8:15 8:15,2015,4
83,63,Lindeman Bert-Jan,26,Team LottoNL-Jumbo,,,112.0,+38:58,",, 8:15",2015,4
84,155,Kozhatayev Bakhtiyar,23,Astana Pro Team,,,111.0,+37:49,",, 8:15",2015,4
85,27,Br\xe4ndle Matthias,25,IAM Cycling,,,116.0,+41:06,",, 8:15",2015,4
86,122,Arm\xe9e Sander,29,Lotto Soudal,,,119.0,+41:39,",, 8:15",2015,4
87,84,de Kort Koen,32,Team Giant - Alpecin,,,102.0,+35:10,",, 8:15",2015,4
88,86,Fr\xf6hlinger Johannes,30,Team Giant - Alpecin,,,113.0,+39:07,",, 8:15",2015,4
89,172,Samoilau Branislau,30,CCC Sprandi Polkowice,,,52.0,+15:38,",, 8:15",2015,4
90,88,Preidler Georg,24,Team Giant - Alpecin,,,94.0,+30:41,",, 8:15",2015,4
91,62,Leezer Tom,29,Team LottoNL-Jumbo,,,118.0,+41:30,",, 8:15",2015,4
92,118,Ventoso Francisco,33,Movistar Team,,,63.0,+20:46,",, 8:15",2015,4
93,116,Malori Adriano,27,Movistar Team,,,80.0,+27:21,",, 8:15",2015,4
94,16,Rast Gregory,35,Trek Factory Racing,,,106.0,+35:49,",, 8:15",2015,4
95,14,Didier Laurent,30,Trek Factory Racing,,,76.0,+24:53,",, 8:15",2015,4
96,44,Breschel Matti,30,Tinkoff - Saxo,,,91.0,+29:11,",, 8:15",2015,4
97,92,Bettiol Alberto,21,Team Cannondale - Garmin,,,108.0,+35:54,",, 8:15",2015,4
98,168,Domont Axel,24,AG2R La Mondiale,,,74.0,+24:30,",, 8:15",2015,4
99,164,Gaudin Damien,28,AG2R La Mondiale,,,96.0,+31:55,",, 8:15",2015,4
100,167,Minard S\xe9bastien,33,AG2R La Mondiale,,,103.0,+35:19,",, 8:15",2015,4
101,98,Moser Moreno,24,Team Cannondale - Garmin,,,70.0,+23:07,",, 8:15",2015,4
102,124,de Buyst Jasper,21,Lotto Soudal,,,101.0,+35:06,",, 8:15",2015,4
103,11,Cancellara Fabian,34,Trek Factory Racing,,,122.0,+44:02,13:40 13:40,2015,4
104,108,Meyer Cameron,27,Orica GreenEDGE,,,93.0,+29:46,",, 13:40",2015,4
105,142,Cavendish Mark,30,Etixx - Quick Step,,,128.0,+47:25,16:49 16:49,2015,4
106,54,Nordhaug Lars Petter,31,Team Sky,,,127.0,+46:22,",, 16:49",2015,4
107,8,Costa M\xe1rio,29,Lampre - Merida,,,114.0,+39:58,",, 16:49",2015,4
108,97,Mohoric Matej,20,Team Cannondale - Garmin,,,95.0,+31:37,",, 16:49",2015,4
109,13,Devolder Stijn,35,Trek Factory Racing,,,139.0,+49:53,",, 16:49",2015,4
110,132,Bonnet William,32,FDJ,,,143.0,+49:56,",, 16:49",2015,4
111,165,Turgot S\xe9bastien,31,AG2R La Mondiale,,,109.0,+36:07,",, 16:49",2015,4
112,173,Rutkiewicz Marek,34,CCC Sprandi Polkowice,,,125.0,+44:35,",, 16:49",2015,4
113,178,Bole Grega,29,CCC Sprandi Polkowice,,,105.0,+35:44,",, 16:49",2015,4
114,177,Honkisz Adrian,27,CCC Sprandi Polkowice,,,97.0,+31:56,",, 16:49",2015,4
115,1,Cimolai Davide,25,Lampre - Merida,,,148.0,+50:09,",, 16:49",2015,4
116,185,Antonini Simone,24,Wanty - Groupe Gobert,,,136.0,+47:40,",, 16:49",2015,4
117,36,Senni Manuel,23,BMC Racing Team,,,68.0,+22:30,",, 16:49",2015,4
118,133,Chavanel S\xe9bastien,32,FDJ,,,133.0,+47:37,",, 16:49",2015,4
119,153,Fominykh Daniil,23,Astana Pro Team,,,124.0,+44:29,",, 16:49",2015,4
120,72,Guarnieri Jacopo,27,Team Katusha,,,144.0,+50:02,",, 16:49",2015,4
121,145,Renshaw Mark,32,Etixx - Quick Step,,,130.0,+47:32,",, 16:49",2015,4
122,24,Devenyns Dries,31,IAM Cycling,,,110.0,+37:33,",, 16:49",2015,4
123,174,Schumacher Stefan,33,CCC Sprandi Polkowice,,,73.0,+24:24,",, 16:49",2015,4
124,113,Anton Igor,32,Movistar Team,,,83.0,+27:36,",, 16:49",2015,4
125,53,Lopez David,34,Team Sky,,,61.0,+19:38,",, 16:49",2015,4
126,126,Dehaes Kenny,30,Lotto Soudal,,,134.0,+47:38,",, 16:49",2015,4
127,128,Roelandts Jurgen,29,Lotto Soudal,,,123.0,+44:12,",, 16:49",2015,4
128,66,Van Asbroeck Tom,25,Team LottoNL-Jumbo,,,146.0,+50:06,",, 16:49",2015,4
129,34,Drucker Jean-Pierre,28,BMC Racing Team,,,115.0,+40:23,",, 16:49",2015,4
130,157,Malacarne Davide,27,Astana Pro Team,,,120.0,+43:48,",, 16:49",2015,4
131,5,Niemiec Przemyslaw,35,Lampre - Merida,,,60.0,+19:38,",, 16:49",2015,4
132,182,Backaert Frederik,25,Wanty - Groupe Gobert,,,100.0,+33:24,",, 16:49",2015,4
133,87,Jones Carter,26,Team Giant - Alpecin,,,126.0,+44:36,",, 16:49",2015,4
134,23,Denifl Stefan,27,IAM Cycling,,,87.0,+28:38,",, 16:49",2015,4
135,106,Tuft Svein,38,Orica GreenEDGE,,,140.0,+49:53,",, 16:49",2015,4
136,166,Kadri Blel,28,AG2R La Mondiale,,,135.0,+47:40,",, 16:49",2015,4
137,71,Kristoff Alexander,27,Team Katusha,,,138.0,+49:52,",, 16:49",2015,4
138,96,Howes Alex,27,Team Cannondale - Garmin,,,121.0,+43:50,",, 16:49",2015,4
139,55,Eisel Bernhard,34,Team Sky,,,147.0,+50:07,",, 16:49",2015,4
140,105,Hayman Mathew,37,Orica GreenEDGE,,,117.0,+41:09,",, 16:49",2015,4
141,43,Trusov Nikolay,29,Tinkoff - Saxo,,,132.0,+47:36,",, 16:49",2015,4
142,134,D\xe9mare Arnaud,23,FDJ,,,142.0,+49:55,",, 16:49",2015,4
143,68,Teunissen Mike,22,Team LottoNL-Jumbo,,,129.0,+47:25,",, 16:49",2015,4
144,45,Brutt Pavel,33,Tinkoff - Saxo,,,131.0,+47:32,",, 16:49",2015,4
145,58,Pate Danny,36,Team Sky,,,141.0,+49:53,",, 16:49",2015,4
146,138,Vichot Arthur,26,FDJ,,,145.0,+50:04,",, 16:49",2015,4
147,2,Bonifazio Niccolo,21,Lampre - Merida,,,137.0,+48:01,",, 16:49",2015,4
148,183,Baugnies Jerome,28,Wanty - Groupe Gobert,,,149.0,+50:49,23:12 23:12,2015,4
149,114,Izagirre Ion,26,Movistar Team,,,99.0,+33:10,",, 23:12",2015,4
DNS,35,Gilbert Philippe,32,BMC Racing Team,,,,+ - 11:19:09,",, 23:12",2015,4
DNS,3,Xu Gang,31,Lampre - Merida,,,,+ - 11:19:09,",, 23:12",2015,4
1,131,Pinot Thibaut,25,FDJ,6.0,50.0,1.0,+0:00,6:22:47 6:22:47,2015,5
2,161,Pozzovivo Domenico,32,AG2R La Mondiale,4.0,30.0,4.0,+0:55,0:34 0:34,2015,5
3,78,Spilak Simon,28,Team Katusha,2.0,18.0,3.0,+0:50,0:37 0:37,2015,5
4,156,Lopez Miguel Angel,21,Astana Pro Team,1.0,13.0,5.0,+1:07,0:43 0:43,2015,5
5,52,Thomas Geraint,29,Team Sky,1.0,10.0,2.0,+0:47,",, 0:43",2015,5
6,151,Fuglsang Jakob,30,Astana Pro Team,,7.0,6.0,+1:27,1:15 1:15,2015,5
7,176,Hirt Jan,24,CCC Sprandi Polkowice,,4.0,34.0,+18:49,1:18 1:18,2015,5
8,51,Henao Sergio Luis,27,Team Sky,,3.0,10.0,+2:46,1:29 1:29,2015,5
9,23,Denifl Stefan,27,IAM Cycling,,2.0,50.0,+30:02,1:31 1:31,2015,5
10,85,Dumoulin Tom,24,Team Giant - Alpecin,,1.0,7.0,+1:32,1:37 1:37,2015,5
11,46,Majka Rafa\u0142,25,Tinkoff - Saxo,,,12.0,+2:59,1:40 1:40,2015,5
12,26,Reichenbach Sebastien,26,IAM Cycling,,,9.0,+2:43,2:16 2:16,2015,5
13,136,Morabito Steve,32,FDJ,,,8.0,+2:29,",, 2:16",2015,5
14,65,ten Dam Laurens,34,Team LottoNL-Jumbo,,,16.0,+3:49,",, 2:16",2015,5
15,83,Barguil Warren,23,Team Giant - Alpecin,,,19.0,+4:52,",, 2:16",2015,5
16,61,Gesink Robert,29,Team LottoNL-Jumbo,,,11.0,+2:57,2:27 2:27,2015,5
17,102,Chaves Johan Esteban,25,Orica GreenEDGE,,,13.0,+3:12,2:35 2:35,2015,5
18,94,Dombrowski Joe,24,Team Cannondale - Garmin,,,26.0,+10:31,3:03 3:03,2015,5
19,15,Jungels Bob,22,Trek Factory Racing,,,15.0,+3:22,3:05 3:05,2015,5
20,7,Durasek Kristijan,27,Lampre - Merida,,,14.0,+3:21,",, 3:05",2015,5
21,33,Hermans Ben,29,BMC Racing Team,,,17.0,+4:27,3:57 3:57,2015,5
22,57,Siutsou Kanstantsin,32,Team Sky,,,20.0,+5:35,4:28 4:28,2015,5
23,77,Moreno Daniel,33,Team Katusha,,,18.0,+4:33,4:30 4:30,2015,5
24,163,Bakelants Jan,29,AG2R La Mondiale,,,21.0,+6:15,5:03 5:03,2015,5
25,17,Schleck Fr\xe4nk,35,Trek Factory Racing,,,24.0,+7:49,5:08 5:08,2015,5
26,184,de Greef Francis,30,Wanty - Groupe Gobert,,,25.0,+8:02,5:22 5:22,2015,5
27,143,Brambilla Gianluca,27,Etixx - Quick Step,,,22.0,+7:00,5:45 5:45,2015,5
28,91,Danielson Thomas,37,Team Cannondale - Garmin,,,38.0,+21:36,5:47 5:47,2015,5
29,95,King Benjamin,26,Team Cannondale - Garmin,,,61.0,+34:58,",, 5:47",2015,5
30,171,Szmyd Sylwester,37,CCC Sprandi Polkowice,,,42.0,+24:00,6:35 6:35,2015,5
31,187,Minnaard Marco,26,Wanty - Groupe Gobert,,,29.0,+15:55,6:55 6:55,2015,5
32,113,Anton Igor,32,Movistar Team,,,60.0,+34:54,7:23 7:23,2015,5
33,111,Anacona Winner,26,Movistar Team,,,23.0,+7:42,",, 7:23",2015,5
34,22,Coppel J\xe9rome,28,IAM Cycling,,,35.0,+19:14,7:32 7:32,2015,5
35,127,Monfort Maxime,32,Lotto Soudal,,,36.0,+20:04,8:33 8:33,2015,5
36,28,Warbasse Larry,24,IAM Cycling,,,32.0,+17:16,",, 8:33",2015,5
37,36,Senni Manuel,23,BMC Racing Team,,,52.0,+31:15,8:50 8:50,2015,5
38,25,Fumeaux Jonathan,27,IAM Cycling,,,46.0,+27:05,9:47 9:47,2015,5
39,93,Cardoso Andr\xe9,30,Team Cannondale - Garmin,,,37.0,+21:30,",, 9:47",2015,5
40,125,De Gendt Thomas,28,Lotto Soudal,,,64.0,+37:12,",, 9:47",2015,5
41,38,Wyss Danilo,29,BMC Racing Team,,,53.0,+32:15,10:37 10:37,2015,5
42,32,Atapuma John Darwin,27,BMC Racing Team,,,33.0,+17:29,10:43 10:43,2015,5
43,12,Arredondo Juli\xe1n David,26,Trek Factory Racing,,,27.0,+11:21,11:04 11:04,2015,5
44,175,Rebellin Davide,43,CCC Sprandi Polkowice,,,28.0,+12:43,11:19 11:19,2015,5
45,6,Pibernik Luka,21,Lampre - Merida,,,44.0,+25:25,",, 11:19",2015,5
46,56,Knees Christian,34,Team Sky,,,45.0,+26:53,11:42 11:42,2015,5
47,168,Domont Axel,24,AG2R La Mondiale,,,63.0,+36:48,12:23 12:23,2015,5
48,162,Bonnafond Guillaume,27,AG2R La Mondiale,,,54.0,+32:22,",, 12:23",2015,5
49,122,Arm\xe9e Sander,29,Lotto Soudal,,,89.0,+54:20,12:46 12:46,2015,5
50,103,Clarke Simon,28,Orica GreenEDGE,,,67.0,+41:05,13:21 13:21,2015,5
51,155,Kozhatayev Bakhtiyar,23,Astana Pro Team,,,83.0,+52:08,14:24 14:24,2015,5
52,158,Lutsenko Alexey,22,Astana Pro Team,,,31.0,+16:51,",, 14:24",2015,5
53,5,Niemiec Przemyslaw,35,Lampre - Merida,,,58.0,+34:04,14:31 14:31,2015,5
54,88,Preidler Georg,25,Team Giant - Alpecin,,,74.0,+45:44,15:08 15:08,2015,5
55,86,Fr\xf6hlinger Johannes,30,Team Giant - Alpecin,,,88.0,+54:10,",, 15:08",2015,5
56,121,Van den Broeck Jurgen,32,Lotto Soudal,,,30.0,+16:41,15:24 15:24,2015,5
57,31,Dillier Silvan,24,BMC Racing Team,,,51.0,+31:11,15:32 15:32,2015,5
58,174,Schumacher Stefan,33,CCC Sprandi Polkowice,,,66.0,+40:39,16:21 16:21,2015,5
59,172,Samoilau Branislau,30,CCC Sprandi Polkowice,,,55.0,+32:35,17:02 17:02,2015,5
60,173,Rutkiewicz Marek,34,CCC Sprandi Polkowice,,,104.0,+1:01:32,",, 17:02",2015,5
61,178,Bole Grega,29,CCC Sprandi Polkowice,,,85.0,+52:41,",, 17:02",2015,5
62,177,Honkisz Adrian,27,CCC Sprandi Polkowice,,,80.0,+48:53,",, 17:02",2015,5
63,108,Meyer Cameron,27,Orica GreenEDGE,,,75.0,+46:46,17:05 17:05,2015,5
64,148,Vermote Julien,25,Etixx - Quick Step,,,56.0,+32:41,17:22 17:22,2015,5
65,54,Nordhaug Lars Petter,31,Team Sky,,,109.0,+1:03:41,17:24 17:24,2015,5
66,14,Didier Laurent,30,Trek Factory Racing,,,71.0,+43:00,18:12 18:12,2015,5
67,64,Martens Paul,31,Team LottoNL-Jumbo,,,68.0,+42:00,18:41 18:41,2015,5
68,167,Minard S\xe9bastien,33,AG2R La Mondiale,,,90.0,+54:34,19:20 19:20,2015,5
69,137,Roy J\xe9r\xe9my,31,FDJ,,,59.0,+34:47,21:16 21:16,2015,5
70,135,Ladagnous Matthieu,30,FDJ,,,69.0,+42:22,",, 21:16",2015,5
71,117,Rojas Jos\xe9 Joaqu\xedn,30,Movistar Team,,,39.0,+22:28,",, 21:16",2015,5
72,97,Mohoric Matej,20,Team Cannondale - Garmin,,,86.0,+52:59,21:27 21:27,2015,5
73,21,Elmiger Martin,36,IAM Cycling,,,57.0,+33:56,",, 21:27",2015,5
74,104,Impey Daryl,30,Orica GreenEDGE,,,49.0,+29:18,",, 21:27",2015,5
75,63,Lindeman Bert-Jan,26,Team LottoNL-Jumbo,,,100.0,+1:00:20,",, 21:27",2015,5
76,87,Jones Carter,26,Team Giant - Alpecin,,,116.0,+1:05:58,",, 21:27",2015,5
77,116,Malori Adriano,27,Movistar Team,,,79.0,+48:43,",, 21:27",2015,5
78,154,Agnoli Valerio,30,Astana Pro Team,,,78.0,+47:45,",, 21:27",2015,5
79,48,Valgren Michael,23,Tinkoff - Saxo,,,65.0,+38:36,",, 21:27",2015,5
80,186,Marcato Marco,31,Wanty - Groupe Gobert,,,76.0,+46:59,",, 21:27",2015,5
81,37,Van Avermaet Greg,30,BMC Racing Team,,,40.0,+23:44,",, 21:27",2015,5
82,144,Go\u0142a\u015b Micha\u0142,31,Etixx - Quick Step,,,62.0,+36:02,",, 21:27",2015,5
83,112,Capecchi Eros,29,Movistar Team,,,70.0,+42:26,",, 21:27",2015,5
84,96,Howes Alex,27,Team Cannondale - Garmin,,,113.0,+1:05:12,",, 21:27",2015,5
85,128,Roelandts Jurgen,29,Lotto Soudal,,,115.0,+1:05:34,",, 21:27",2015,5
86,106,Tuft Svein,38,Orica GreenEDGE,,,122.0,+1:11:15,",, 21:27",2015,5
87,181,Gasparotto Enrico,33,Wanty - Groupe Gobert,,,43.0,+24:25,21:50 21:50,2015,5
88,105,Hayman Mathew,37,Orica GreenEDGE,,,110.0,+1:03:43,22:39 22:39,2015,5
89,101,Albasini Michael,34,Orica GreenEDGE,,,48.0,+28:31,",, 22:39",2015,5
90,62,Leezer Tom,29,Team LottoNL-Jumbo,,,111.0,+1:04:04,",, 22:39",2015,5
91,123,Breen Vegard,25,Lotto Soudal,,,73.0,+45:12,22:51 22:51,2015,5
92,58,Pate Danny,36,Team Sky,,,125.0,+1:12:50,23:02 23:02,2015,5
93,4,Conti Valerio,22,Lampre - Merida,,,47.0,+27:29,23:28 23:28,2015,5
94,41,Sagan Peter,25,Tinkoff - Saxo,,,41.0,+23:46,23:51 23:51,2015,5
95,118,Ventoso Francisco,33,Movistar Team,,,72.0,+44:32,",, 23:51",2015,5
96,68,Teunissen Mike,22,Team LottoNL-Jumbo,,,121.0,+1:11:11,",, 23:51",2015,5
97,18,Stuyven Jasper,23,Trek Factory Racing,,,81.0,+50:22,25:37 25:37,2015,5
98,16,Rast Gregory,35,Trek Factory Racing,,,102.0,+1:01:23,25:40 25:40,2015,5
99,45,Brutt Pavel,33,Tinkoff - Saxo,,,127.0,+1:13:33,26:06 26:06,2015,5
100,185,Antonini Simone,24,Wanty - Groupe Gobert,,,128.0,+1:13:53,26:18 26:18,2015,5
101,183,Baugnies Jerome,28,Wanty - Groupe Gobert,,,133.0,+1:17:02,",, 26:18",2015,5
102,138,Vichot Arthur,26,FDJ,,,132.0,+1:16:37,26:38 26:38,2015,5
103,13,Devolder Stijn,35,Trek Factory Racing,,,131.0,+1:16:35,26:47 26:47,2015,5
104,165,Turgot S\xe9bastien,31,AG2R La Mondiale,,,106.0,+1:02:53,26:51 26:51,2015,5
105,164,Gaudin Damien,28,AG2R La Mondiale,,,96.0,+58:47,26:57 26:57,2015,5
106,11,Cancellara Fabian,34,Trek Factory Racing,,,120.0,+1:10:54,",, 26:57",2015,5
107,153,Fominykh Daniil,23,Astana Pro Team,,,123.0,+1:11:31,27:07 27:07,2015,5
108,66,Van Asbroeck Tom,25,Team LottoNL-Jumbo,,,134.0,+1:17:08,",, 27:07",2015,5
109,126,Dehaes Kenny,30,Lotto Soudal,,,129.0,+1:14:40,",, 27:07",2015,5
110,76,Lagutin Sergey,34,Team Katusha,,,107.0,+1:02:55,",, 27:07",2015,5
111,74,Kozonchuk Dmitry,31,Team Katusha,,,92.0,+55:54,",, 27:07",2015,5
112,8,Costa M\xe1rio,29,Lampre - Merida,,,118.0,+1:07:00,",, 27:07",2015,5
113,92,Bettiol Alberto,21,Team Cannondale - Garmin,,,108.0,+1:02:56,",, 27:07",2015,5
114,124,de Buyst Jasper,21,Lotto Soudal,,,105.0,+1:02:08,",, 27:07",2015,5
115,27,Br\xe4ndle Matthias,25,IAM Cycling,,,119.0,+1:08:37,27:39 27:39,2015,5
116,42,Bennati Daniele,34,Tinkoff - Saxo,,,101.0,+1:01:06,28:02 28:02,2015,5
117,55,Eisel Bernhard,34,Team Sky,,,136.0,+1:18:04,",, 28:02",2015,5
118,166,Kadri Blel,28,AG2R La Mondiale,,,130.0,+1:16:11,28:36 28:36,2015,5
119,84,de Kort Koen,32,Team Giant - Alpecin,,,112.0,+1:04:36,29:31 29:31,2015,5
120,81,Degenkolb John,26,Team Giant - Alpecin,,,87.0,+53:09,29:34 29:34,2015,5
121,82,Arndt Nikias,23,Team Giant - Alpecin,,,84.0,+52:23,",, 29:34",2015,5
122,44,Breschel Matti,30,Tinkoff - Saxo,,,95.0,+58:44,29:38 29:38,2015,5
123,47,M\xf8rk\xf8v Michael,30,Tinkoff - Saxo,,,94.0,+58:24,",, 29:38",2015,5
124,152,Bozic Borut,34,Astana Pro Team,,,114.0,+1:05:17,29:41 29:41,2015,5
125,75,Kuznetsov Viacheslav,25,Team Katusha,,,93.0,+57:38,30:05 30:05,2015,5
126,43,Trusov Nikolay,29,Tinkoff - Saxo,,,135.0,+1:17:43,30:12 30:12,2015,5
127,132,Bonnet William,32,FDJ,,,139.0,+1:20:22,30:31 30:31,2015,5
128,146,Stybar Zdenek,29,Etixx - Quick Step,,,97.0,+58:55,31:17 31:17,2015,5
129,145,Renshaw Mark,32,Etixx - Quick Step,,,138.0,+1:18:44,",, 31:17",2015,5
130,142,Cavendish Mark,30,Etixx - Quick Step,,,137.0,+1:18:37,",, 31:17",2015,5
131,73,Haller Marco,24,Team Katusha,,,103.0,+1:01:29,32:39 32:39,2015,5
132,71,Kristoff Alexander,27,Team Katusha,,,140.0,+1:22:26,",, 32:39",2015,5
133,182,Backaert Frederik,25,Wanty - Groupe Gobert,,,117.0,+1:05:58,",, 32:39",2015,5
134,72,Guarnieri Jacopo,27,Team Katusha,,,141.0,+1:22:36,",, 32:39",2015,5
135,98,Moser Moreno,24,Team Cannondale - Garmin,,,91.0,+55:44,32:42 32:42,2015,5
136,67,Vanmarcke Sep,26,Team LottoNL-Jumbo,,,99.0,+1:00:02,",, 32:42",2015,5
137,34,Drucker Jean-Pierre,28,BMC Racing Team,,,126.0,+1:13:09,32:51 32:51,2015,5
138,141,Kwiatkowski Michal,25,Etixx - Quick Step,,,98.0,+59:32,33:14 33:14,2015,5
139,147,Trentin Matteo,25,Etixx - Quick Step,,,77.0,+47:43,",, 33:14",2015,5
140,188,Selvaggi Mirko,30,Wanty - Groupe Gobert,,,82.0,+51:47,",, 33:14",2015,5
141,24,Devenyns Dries,31,IAM Cycling,,,124.0,+1:11:36,34:08 34:08,2015,5
142,1,Cimolai Davide,25,Lampre - Merida,,,144.0,+1:25:24,35:20 35:20,2015,5
143,2,Bonifazio Niccolo,21,Lampre - Merida,,,142.0,+1:23:18,35:22 35:22,2015,5
144,133,Chavanel S\xe9bastien,32,FDJ,,,143.0,+1:23:36,36:04 36:04,2015,5
145,134,D\xe9mare Arnaud,23,FDJ,,,145.0,+1:25:54,",, 36:04",2015,5
DNF,157,Malacarne Davide,27,Astana Pro Team,,,,+ - 17:42:01,",, 36:04",2015,5
DNF,114,Izagirre Ion,26,Movistar Team,,,,+ - 17:42:01,",, 36:04",2015,5
DNF,53,Lopez David,34,Team Sky,,,,+ - 17:42:01,",, 36:04",2015,5
DNS,107,Matthews Michael,24,Orica GreenEDGE,,,,+ - 17:42:01,",, 36:04",2015,5
1,41,Sagan Peter,25,Tinkoff - Saxo,6.0,50.0,40.0,+23:29,4:34:43 4:34:43,2015,6
2,128,Roelandts Jurgen,29,Lotto Soudal,4.0,30.0,113.0,+1:05:21,",, ,,",2015,6
3,71,Kristoff Alexander,27,Team Katusha,2.0,18.0,140.0,+1:22:15,",, ,,",2015,6
4,34,Drucker Jean-Pierre,28,BMC Racing Team,1.0,13.0,125.0,+1:13:02,",, ,,",2015,6
5,42,Bennati Daniele,34,Tinkoff - Saxo,1.0,10.0,100.0,+1:00:59,",, ,,",2015,6
6,142,Cavendish Mark,30,Etixx - Quick Step,,7.0,136.0,+1:18:32,0:02 0:02,2015,6
7,66,Van Asbroeck Tom,25,Team LottoNL-Jumbo,,4.0,132.0,+1:17:03,",, 0:02",2015,6
8,158,Lutsenko Alexey,22,Astana Pro Team,,3.0,31.0,+16:46,",, 0:02",2015,6
9,152,Bozic Borut,34,Astana Pro Team,,2.0,112.0,+1:05:12,",, 0:02",2015,6
10,151,Fuglsang Jakob,30,Astana Pro Team,,1.0,6.0,+1:22,",, 0:02",2015,6
11,52,Thomas Geraint,29,Team Sky,,,2.0,+0:42,",, 0:02",2015,6
12,72,Guarnieri Jacopo,27,Team Katusha,,,141.0,+1:22:36,0:07 0:07,2015,6
13,18,Stuyven Jasper,23,Trek Factory Racing,,,81.0,+50:22,",, 0:07",2015,6
14,117,Rojas Jos\xe9 Joaqu\xedn,30,Movistar Team,,,38.0,+22:28,",, 0:07",2015,6
15,78,Spilak Simon,28,Team Katusha,,,3.0,+0:50,",, 0:07",2015,6
16,134,D\xe9mare Arnaud,23,FDJ,,,145.0,+1:25:54,",, 0:07",2015,6
17,85,Dumoulin Tom,24,Team Giant - Alpecin,,,7.0,+1:32,",, 0:07",2015,6
18,136,Morabito Steve,32,FDJ,,,8.0,+2:29,",, 0:07",2015,6
19,77,Moreno Daniel,33,Team Katusha,,,18.0,+4:33,",, 0:07",2015,6
20,111,Anacona Winner,26,Movistar Team,,,23.0,+7:42,",, 0:07",2015,6
21,68,Teunissen Mike,22,Team LottoNL-Jumbo,,,120.0,+1:11:11,",, 0:07",2015,6
22,61,Gesink Robert,29,Team LottoNL-Jumbo,,,11.0,+2:57,",, 0:07",2015,6
23,156,Lopez Miguel Angel,21,Astana Pro Team,,,5.0,+1:07,",, 0:07",2015,6
24,163,Bakelants Jan,29,AG2R La Mondiale,,,21.0,+6:15,",, 0:07",2015,6
25,83,Barguil Warren,23,Team Giant - Alpecin,,,19.0,+4:52,",, 0:07",2015,6
26,132,Bonnet William,32,FDJ,,,139.0,+1:20:22,",, 0:07",2015,6
27,131,Pinot Thibaut,25,FDJ,,,1.0,+0:00,",, 0:07",2015,6
28,1,Cimolai Davide,25,Lampre - Merida,,,144.0,+1:25:24,",, 0:07",2015,6
29,104,Impey Daryl,30,Orica GreenEDGE,,,49.0,+29:18,",, 0:07",2015,6
30,21,Elmiger Martin,36,IAM Cycling,,,55.0,+33:56,",, 0:07",2015,6
31,46,Majka Rafa\u0142,25,Tinkoff - Saxo,,,12.0,+2:59,",, 0:07",2015,6
32,161,Pozzovivo Domenico,32,AG2R La Mondiale,,,4.0,+0:55,",, 0:07",2015,6
33,102,Chaves Johan Esteban,25,Orica GreenEDGE,,,13.0,+3:12,",, 0:07",2015,6
34,56,Knees Christian,34,Team Sky,,,45.0,+26:53,",, 0:07",2015,6
35,16,Rast Gregory,35,Trek Factory Racing,,,101.0,+1:01:23,",, 0:07",2015,6
36,26,Reichenbach Sebastien,26,IAM Cycling,,,9.0,+2:43,",, 0:07",2015,6
37,6,Pibernik Luka,21,Lampre - Merida,,,44.0,+25:25,",, 0:07",2015,6
38,145,Renshaw Mark,32,Etixx - Quick Step,,,138.0,+1:18:44,",, 0:07",2015,6
39,7,Durasek Kristijan,27,Lampre - Merida,,,14.0,+3:21,",, 0:07",2015,6
40,177,Honkisz Adrian,27,CCC Sprandi Polkowice,,,78.0,+48:53,",, 0:07",2015,6
41,81,Degenkolb John,26,Team Giant - Alpecin,,,86.0,+53:09,",, 0:07",2015,6
42,97,Mohoric Matej,20,Team Cannondale - Garmin,,,85.0,+52:57,",, 0:07",2015,6
43,92,Bettiol Alberto,21,Team Cannondale - Garmin,,,105.0,+1:02:56,",, 0:07",2015,6
44,187,Minnaard Marco,26,Wanty - Groupe Gobert,,,29.0,+15:55,",, 0:07",2015,6
45,84,de Kort Koen,32,Team Giant - Alpecin,,,109.0,+1:04:36,",, 0:07",2015,6
46,51,Henao Sergio Luis,27,Team Sky,,,10.0,+2:46,",, 0:07",2015,6
47,44,Breschel Matti,30,Tinkoff - Saxo,,,93.0,+58:44,",, 0:07",2015,6
48,105,Hayman Mathew,37,Orica GreenEDGE,,,107.0,+1:03:43,",, 0:07",2015,6
49,183,Baugnies Jerome,28,Wanty - Groupe Gobert,,,131.0,+1:16:56,",, 0:07",2015,6
50,184,de Greef Francis,30,Wanty - Groupe Gobert,,,24.0,+8:02,",, 0:07",2015,6
51,165,Turgot S\xe9bastien,31,AG2R La Mondiale,,,104.0,+1:02:53,",, 0:07",2015,6
52,93,Cardoso Andr\xe9,30,Team Cannondale - Garmin,,,36.0,+21:30,",, 0:07",2015,6
53,155,Kozhatayev Bakhtiyar,23,Astana Pro Team,,,83.0,+52:08,",, 0:07",2015,6
54,33,Hermans Ben,29,BMC Racing Team,,,17.0,+4:27,",, 0:07",2015,6
55,63,Lindeman Bert-Jan,26,Team LottoNL-Jumbo,,,97.0,+1:00:20,",, 0:07",2015,6
56,15,Jungels Bob,22,Trek Factory Racing,,,15.0,+3:22,",, 0:07",2015,6
57,164,Gaudin Damien,28,AG2R La Mondiale,,,94.0,+58:47,",, 0:07",2015,6
58,28,Warbasse Larry,24,IAM Cycling,,,32.0,+17:16,",, 0:07",2015,6
59,57,Siutsou Kanstantsin,32,Team Sky,,,20.0,+5:35,",, 0:07",2015,6
60,162,Bonnafond Guillaume,27,AG2R La Mondiale,,,52.0,+32:22,",, 0:07",2015,6
61,65,ten Dam Laurens,34,Team LottoNL-Jumbo,,,16.0,+3:49,",, 0:07",2015,6
62,95,King Benjamin,26,Team Cannondale - Garmin,,,58.0,+34:58,",, 0:07",2015,6
63,186,Marcato Marco,31,Wanty - Groupe Gobert,,,74.0,+46:59,",, 0:07",2015,6
64,82,Arndt Nikias,23,Team Giant - Alpecin,,,84.0,+52:23,",, 0:07",2015,6
65,143,Brambilla Gianluca,27,Etixx - Quick Step,,,22.0,+7:00,",, 0:07",2015,6
66,153,Fominykh Daniil,23,Astana Pro Team,,,121.0,+1:11:31,",, 0:07",2015,6
67,94,Dombrowski Joe,24,Team Cannondale - Garmin,,,26.0,+10:31,",, 0:07",2015,6
68,188,Selvaggi Mirko,30,Wanty - Groupe Gobert,,,82.0,+51:47,",, 0:07",2015,6
69,25,Fumeaux Jonathan,27,IAM Cycling,,,46.0,+27:05,",, 0:07",2015,6
70,174,Schumacher Stefan,33,CCC Sprandi Polkowice,,,65.0,+40:39,",, 0:07",2015,6
71,121,Van den Broeck Jurgen,32,Lotto Soudal,,,30.0,+16:41,",, 0:07",2015,6
72,154,Agnoli Valerio,30,Astana Pro Team,,,76.0,+47:45,",, 0:07",2015,6
73,47,M\xf8rk\xf8v Michael,30,Tinkoff - Saxo,,,92.0,+58:43,0:26 0:26,2015,6
74,67,Vanmarcke Sep,26,Team LottoNL-Jumbo,,,98.0,+1:00:30,0:35 0:35,2015,6
75,127,Monfort Maxime,32,Lotto Soudal,,,35.0,+20:34,0:37 0:37,2015,6
76,123,Breen Vegard,25,Lotto Soudal,,,73.0,+45:42,",, 0:37",2015,6
77,36,Senni Manuel,23,BMC Racing Team,,,50.0,+31:45,",, 0:37",2015,6
78,86,Fr\xf6hlinger Johannes,30,Team Giant - Alpecin,,,88.0,+54:40,",, 0:37",2015,6
79,2,Bonifazio Niccolo,21,Lampre - Merida,,,142.0,+1:23:48,",, 0:37",2015,6
80,106,Tuft Svein,38,Orica GreenEDGE,,,122.0,+1:11:45,",, 0:37",2015,6
81,173,Rutkiewicz Marek,34,CCC Sprandi Polkowice,,,102.0,+1:02:02,",, 0:37",2015,6
82,133,Chavanel S\xe9bastien,32,FDJ,,,143.0,+1:24:12,0:43 0:43,2015,6
83,45,Brutt Pavel,33,Tinkoff - Saxo,,,127.0,+1:14:12,0:46 0:46,2015,6
84,43,Trusov Nikolay,29,Tinkoff - Saxo,,,134.0,+1:18:22,",, 0:46",2015,6
85,73,Haller Marco,24,Team Katusha,,,103.0,+1:02:08,",, 0:46",2015,6
86,5,Niemiec Przemyslaw,35,Lampre - Merida,,,57.0,+34:43,",, 0:46",2015,6
87,32,Atapuma John Darwin,27,BMC Racing Team,,,33.0,+18:08,",, 0:46",2015,6
88,168,Domont Axel,24,AG2R La Mondiale,,,61.0,+37:23,",, 0:46",2015,6
89,17,Schleck Fr\xe4nk,35,Trek Factory Racing,,,25.0,+8:28,",, 0:46",2015,6
90,167,Minard S\xe9bastien,33,AG2R La Mondiale,,,90.0,+55:13,",, 0:46",2015,6
91,55,Eisel Bernhard,34,Team Sky,,,137.0,+1:18:43,",, 0:46",2015,6
92,122,Arm\xe9e Sander,29,Lotto Soudal,,,89.0,+54:59,",, 0:46",2015,6
93,175,Rebellin Davide,43,CCC Sprandi Polkowice,,,27.0,+13:22,",, 0:46",2015,6
94,31,Dillier Silvan,24,BMC Racing Team,,,51.0,+31:50,",, 0:46",2015,6
95,185,Antonini Simone,24,Wanty - Groupe Gobert,,,128.0,+1:14:32,",, 0:46",2015,6
96,172,Samoilau Branislau,30,CCC Sprandi Polkowice,,,54.0,+33:14,",, 0:46",2015,6
97,64,Martens Paul,31,Team LottoNL-Jumbo,,,67.0,+42:39,",, 0:46",2015,6
98,27,Br\xe4ndle Matthias,25,IAM Cycling,,,118.0,+1:09:16,",, 0:46",2015,6
99,137,Roy J\xe9r\xe9my,31,FDJ,,,59.0,+35:26,",, 0:46",2015,6
100,144,Go\u0142a\u015b Micha\u0142,31,Etixx - Quick Step,,,60.0,+36:41,",, 0:46",2015,6
101,87,Jones Carter,26,Team Giant - Alpecin,,,115.0,+1:06:37,",, 0:46",2015,6
102,116,Malori Adriano,27,Movistar Team,,,79.0,+49:22,",, 0:46",2015,6
103,118,Ventoso Francisco,33,Movistar Team,,,72.0,+45:11,",, 0:46",2015,6
104,101,Albasini Michael,34,Orica GreenEDGE,,,48.0,+29:10,",, 0:46",2015,6
105,91,Danielson Thomas,37,Team Cannondale - Garmin,,,37.0,+22:15,",, 0:46",2015,6
106,4,Conti Valerio,22,Lampre - Merida,,,47.0,+28:08,",, 0:46",2015,6
107,181,Gasparotto Enrico,33,Wanty - Groupe Gobert,,,43.0,+25:04,",, 0:46",2015,6
108,14,Didier Laurent,30,Trek Factory Racing,,,69.0,+43:39,",, 0:46",2015,6
109,58,Pate Danny,36,Team Sky,,,126.0,+1:13:29,",, 0:46",2015,6
110,166,Kadri Blel,28,AG2R La Mondiale,,,130.0,+1:16:50,",, 0:46",2015,6
111,178,Bole Grega,29,CCC Sprandi Polkowice,,,87.0,+53:20,",, 0:46",2015,6
112,176,Hirt Jan,24,CCC Sprandi Polkowice,,,34.0,+19:28,",, 0:46",2015,6
113,182,Backaert Frederik,25,Wanty - Groupe Gobert,,,116.0,+1:06:37,",, 0:46",2015,6
114,13,Devolder Stijn,35,Trek Factory Racing,,,133.0,+1:17:14,",, 0:46",2015,6
115,37,Van Avermaet Greg,30,BMC Racing Team,,,41.0,+24:23,",, 0:46",2015,6
116,171,Szmyd Sylwester,37,CCC Sprandi Polkowice,,,42.0,+24:52,0:59 0:59,2015,6
117,112,Capecchi Eros,29,Movistar Team,,,68.0,+43:18,",, 0:59",2015,6
118,108,Meyer Cameron,27,Orica GreenEDGE,,,75.0,+47:38,",, 0:59",2015,6
119,103,Clarke Simon,28,Orica GreenEDGE,,,66.0,+41:57,",, 0:59",2015,6
120,62,Leezer Tom,29,Team LottoNL-Jumbo,,,111.0,+1:04:56,",, 0:59",2015,6
121,125,De Gendt Thomas,28,Lotto Soudal,,,62.0,+38:04,",, 0:59",2015,6
122,24,Devenyns Dries,31,IAM Cycling,,,124.0,+1:12:28,",, 0:59",2015,6
123,38,Wyss Danilo,29,BMC Racing Team,,,53.0,+33:07,",, 0:59",2015,6
124,76,Lagutin Sergey,34,Team Katusha,,,108.0,+1:03:47,",, 0:59",2015,6
125,11,Cancellara Fabian,34,Trek Factory Racing,,,123.0,+1:11:57,1:10 1:10,2015,6
126,75,Kuznetsov Viacheslav,25,Team Katusha,,,95.0,+58:47,1:16 1:16,2015,6
127,141,Kwiatkowski Michal,25,Etixx - Quick Step,,,99.0,+1:00:41,",, 1:16",2015,6
128,147,Trentin Matteo,25,Etixx - Quick Step,,,77.0,+48:52,",, 1:16",2015,6
129,126,Dehaes Kenny,30,Lotto Soudal,,,129.0,+1:15:50,1:17 1:17,2015,6
130,124,de Buyst Jasper,21,Lotto Soudal,,,106.0,+1:03:18,",, 1:17",2015,6
131,54,Nordhaug Lars Petter,31,Team Sky,,,110.0,+1:04:55,1:21 1:21,2015,6
132,135,Ladagnous Matthieu,30,FDJ,,,71.0,+44:11,1:56 1:56,2015,6
133,138,Vichot Arthur,26,FDJ,,,135.0,+1:18:26,",, 1:56",2015,6
134,74,Kozonchuk Dmitry,31,Team Katusha,,,91.0,+55:54,0:07 0:07,2015,6
135,98,Moser Moreno,24,Team Cannondale - Garmin,,,96.0,+58:55,3:18 3:18,2015,6
136,96,Howes Alex,27,Team Cannondale - Garmin,,,117.0,+1:08:24,3:19 3:19,2015,6
137,8,Costa M\xe1rio,29,Lampre - Merida,,,119.0,+1:10:14,3:21 3:21,2015,6
138,12,Arredondo Juli\xe1n David,26,Trek Factory Racing,,,28.0,+14:38,3:24 3:24,2015,6
139,22,Coppel J\xe9rome,28,IAM Cycling,,,39.0,+22:31,",, 3:24",2015,6
140,23,Denifl Stefan,27,IAM Cycling,,,56.0,+34:22,4:27 4:27,2015,6
141,88,Preidler Georg,25,Team Giant - Alpecin,,,80.0,+50:04,",, 4:27",2015,6
142,113,Anton Igor,32,Movistar Team,,,64.0,+39:14,",, 4:27",2015,6
143,48,Valgren Michael,23,Tinkoff - Saxo,,,70.0,+44:09,5:40 5:40,2015,6
144,146,Stybar Zdenek,29,Etixx - Quick Step,,,114.0,+1:05:25,6:37 6:37,2015,6
145,148,Vermote Julien,25,Etixx - Quick Step,,,63.0,+39:11,",, 6:37",2015,6
1,71,Kristoff Alexander,27,Team Katusha,6.0,50.0,122.0,+1:22:00,3:38:07 3:38:07,2015,7
2,41,Sagan Peter,25,Tinkoff - Saxo,4.0,30.0,39.0,+23:18,",, ,,",2015,7
3,1,Cimolai Davide,25,Lampre - Merida,2.0,18.0,127.0,+1:25:15,",, ,,",2015,7
4,37,Van Avermaet Greg,30,BMC Racing Team,1.0,13.0,41.0,+24:18,",, ,,",2015,7
5,134,D\xe9mare Arnaud,23,FDJ,1.0,10.0,129.0,+1:25:49,",, ,,",2015,7
6,128,Roelandts Jurgen,29,Lotto Soudal,,7.0,96.0,+1:05:16,",, ,,",2015,7
7,67,Vanmarcke Sep,26,Team LottoNL-Jumbo,,4.0,85.0,+1:00:25,",, ,,",2015,7
8,101,Albasini Michael,34,Orica GreenEDGE,,3.0,45.0,+29:05,",, ,,",2015,7
9,186,Marcato Marco,31,Wanty - Groupe Gobert,,2.0,65.0,+46:54,",, ,,",2015,7
10,117,Rojas Jos\xe9 Joaqu\xedn,30,Movistar Team,,1.0,37.0,+22:23,",, ,,",2015,7
11,64,Martens Paul,31,Team LottoNL-Jumbo,,,58.0,+42:34,",, ,,",2015,7
12,158,Lutsenko Alexey,22,Astana Pro Team,,,29.0,+16:41,",, ,,",2015,7
13,85,Dumoulin Tom,24,Team Giant - Alpecin,,,7.0,+1:27,",, ,,",2015,7
14,52,Thomas Geraint,29,Team Sky,,,2.0,+0:37,",, ,,",2015,7
15,21,Elmiger Martin,36,IAM Cycling,,,51.0,+33:51,",, ,,",2015,7
16,61,Gesink Robert,29,Team LottoNL-Jumbo,,,11.0,+2:52,",, ,,",2015,7
17,161,Pozzovivo Domenico,32,AG2R La Mondiale,,,3.0,+0:50,",, ,,",2015,7
18,151,Fuglsang Jakob,30,Astana Pro Team,,,6.0,+1:22,0:05 0:05,2015,7
19,42,Bennati Daniele,34,Tinkoff - Saxo,,,86.0,+1:00:59,",, 0:05",2015,7
20,7,Durasek Kristijan,27,Lampre - Merida,,,14.0,+3:21,",, 0:05",2015,7
21,156,Lopez Miguel Angel,21,Astana Pro Team,,,5.0,+1:07,",, 0:05",2015,7
22,51,Henao Sergio Luis,27,Team Sky,,,10.0,+2:46,",, 0:05",2015,7
23,163,Bakelants Jan,29,AG2R La Mondiale,,,21.0,+6:15,",, 0:05",2015,7
24,136,Morabito Steve,32,FDJ,,,8.0,+2:29,",, 0:05",2015,7
25,26,Reichenbach Sebastien,26,IAM Cycling,,,9.0,+2:43,",, 0:05",2015,7
26,131,Pinot Thibaut,25,FDJ,,,1.0,+0:00,",, 0:05",2015,7
27,78,Spilak Simon,28,Team Katusha,,,4.0,+0:50,",, 0:05",2015,7
28,142,Cavendish Mark,30,Etixx - Quick Step,,,115.0,+1:18:32,",, 0:05",2015,7
29,102,Chaves Johan Esteban,25,Orica GreenEDGE,,,13.0,+3:12,",, 0:05",2015,7
30,66,Van Asbroeck Tom,25,Team LottoNL-Jumbo,,,114.0,+1:17:03,",, 0:05",2015,7
31,33,Hermans Ben,29,BMC Racing Team,,,17.0,+4:27,",, 0:05",2015,7
32,97,Mohoric Matej,20,Team Cannondale - Garmin,,,76.0,+52:57,",, 0:05",2015,7
33,83,Barguil Warren,23,Team Giant - Alpecin,,,19.0,+4:52,",, 0:05",2015,7
34,174,Schumacher Stefan,33,CCC Sprandi Polkowice,,,56.0,+40:39,",, 0:05",2015,7
35,77,Moreno Daniel,33,Team Katusha,,,18.0,+4:33,",, 0:05",2015,7
36,15,Jungels Bob,22,Trek Factory Racing,,,15.0,+3:22,",, 0:05",2015,7
37,65,ten Dam Laurens,34,Team LottoNL-Jumbo,,,16.0,+3:49,",, 0:05",2015,7
38,96,Howes Alex,27,Team Cannondale - Garmin,,,104.0,+1:08:24,",, 0:05",2015,7
39,28,Warbasse Larry,24,IAM Cycling,,,31.0,+17:16,",, 0:05",2015,7
40,177,Honkisz Adrian,27,CCC Sprandi Polkowice,,,72.0,+48:53,",, 0:05",2015,7
41,81,Degenkolb John,26,Team Giant - Alpecin,,,77.0,+53:09,",, 0:05",2015,7
42,57,Siutsou Kanstantsin,32,Team Sky,,,20.0,+5:35,",, 0:05",2015,7
43,46,Majka Rafa\u0142,25,Tinkoff - Saxo,,,12.0,+2:59,",, 0:05",2015,7
44,68,Teunissen Mike,22,Team LottoNL-Jumbo,,,107.0,+1:11:11,",, 0:05",2015,7
45,187,Minnaard Marco,26,Wanty - Groupe Gobert,,,28.0,+15:55,",, 0:05",2015,7
46,184,de Greef Francis,30,Wanty - Groupe Gobert,,,23.0,+8:02,",, 0:05",2015,7
47,143,Brambilla Gianluca,27,Etixx - Quick Step,,,22.0,+7:00,",, 0:05",2015,7
48,105,Hayman Mathew,37,Orica GreenEDGE,,,92.0,+1:03:43,",, 0:05",2015,7
49,175,Rebellin Davide,43,CCC Sprandi Polkowice,,,27.0,+13:31,0:14 0:14,2015,7
50,6,Pibernik Luka,21,Lampre - Merida,,,42.0,+25:34,",, 0:14",2015,7
51,16,Rast Gregory,35,Trek Factory Racing,,,87.0,+1:01:35,0:17 0:17,2015,7
52,93,Cardoso Andr\xe9,30,Team Cannondale - Garmin,,,36.0,+21:42,",, 0:17",2015,7
53,118,Ventoso Francisco,33,Movistar Team,,,63.0,+45:23,",, 0:17",2015,7
54,146,Stybar Zdenek,29,Etixx - Quick Step,,,97.0,+1:05:41,0:21 0:21,2015,7
55,24,Devenyns Dries,31,IAM Cycling,,,109.0,+1:12:44,",, 0:21",2015,7
56,34,Drucker Jean-Pierre,28,BMC Racing Team,,,111.0,+1:13:25,0:28 0:28,2015,7
57,155,Kozhatayev Bakhtiyar,23,Astana Pro Team,,,75.0,+52:35,0:32 0:32,2015,7
58,17,Schleck Fr\xe4nk,35,Trek Factory Racing,,,25.0,+8:55,",, 0:32",2015,7
59,72,Guarnieri Jacopo,27,Team Katusha,,,123.0,+1:23:03,",, 0:32",2015,7
60,127,Monfort Maxime,32,Lotto Soudal,,,35.0,+21:06,0:37 0:37,2015,7
61,38,Wyss Danilo,29,BMC Racing Team,,,49.0,+33:39,",, 0:37",2015,7
62,121,Van den Broeck Jurgen,32,Lotto Soudal,,,30.0,+17:13,",, 0:37",2015,7
63,111,Anacona Winner,26,Movistar Team,,,24.0,+8:14,",, 0:37",2015,7
64,95,King Benjamin,26,Team Cannondale - Garmin,,,52.0,+35:30,",, 0:37",2015,7
65,165,Turgot S\xe9bastien,31,AG2R La Mondiale,,,91.0,+1:03:25,",, 0:37",2015,7
66,56,Knees Christian,34,Team Sky,,,43.0,+27:25,",, 0:37",2015,7
67,94,Dombrowski Joe,24,Team Cannondale - Garmin,,,26.0,+11:03,",, 0:37",2015,7
68,176,Hirt Jan,24,CCC Sprandi Polkowice,,,34.0,+20:00,",, 0:37",2015,7
69,25,Fumeaux Jonathan,27,IAM Cycling,,,44.0,+27:37,",, 0:37",2015,7
70,32,Atapuma John Darwin,27,BMC Racing Team,,,32.0,+18:40,",, 0:37",2015,7
71,84,de Kort Koen,32,Team Giant - Alpecin,,,95.0,+1:05:08,",, 0:37",2015,7
72,167,Minard S\xe9bastien,33,AG2R La Mondiale,,,80.0,+55:45,",, 0:37",2015,7
73,172,Samoilau Branislau,30,CCC Sprandi Polkowice,,,50.0,+33:46,",, 0:37",2015,7
74,14,Didier Laurent,30,Trek Factory Racing,,,60.0,+44:11,",, 0:37",2015,7
75,162,Bonnafond Guillaume,27,AG2R La Mondiale,,,48.0,+32:54,",, 0:37",2015,7
76,47,M\xf8rk\xf8v Michael,30,Tinkoff - Saxo,,,82.0,+59:15,",, 0:37",2015,7
77,144,Go\u0142a\u015b Micha\u0142,31,Etixx - Quick Step,,,53.0,+37:13,",, 0:37",2015,7
78,91,Danielson Thomas,37,Team Cannondale - Garmin,,,38.0,+22:47,",, 0:37",2015,7
79,154,Agnoli Valerio,30,Astana Pro Team,,,69.0,+48:17,",, 0:37",2015,7
80,112,Capecchi Eros,29,Movistar Team,,,59.0,+43:50,",, 0:37",2015,7
81,145,Renshaw Mark,32,Etixx - Quick Step,,,118.0,+1:19:39,1:00 1:00,2015,7
82,31,Dillier Silvan,24,BMC Racing Team,,,47.0,+32:48,1:04 1:04,2015,7
83,22,Coppel J\xe9rome,28,IAM Cycling,,,40.0,+23:31,1:05 1:05,2015,7
84,106,Tuft Svein,38,Orica GreenEDGE,,,110.0,+1:12:45,",, 1:05",2015,7
85,164,Gaudin Damien,28,AG2R La Mondiale,,,83.0,+59:54,1:12 1:12,2015,7
86,108,Meyer Cameron,27,Orica GreenEDGE,,,70.0,+48:48,1:15 1:15,2015,7
87,62,Leezer Tom,29,Team LottoNL-Jumbo,,,99.0,+1:06:21,1:30 1:30,2015,7
88,147,Trentin Matteo,25,Etixx - Quick Step,,,73.0,+50:22,1:35 1:35,2015,7
89,104,Impey Daryl,30,Orica GreenEDGE,,,46.0,+30:44,",, 1:35",2015,7
90,141,Kwiatkowski Michal,25,Etixx - Quick Step,,,88.0,+1:02:07,",, 1:35",2015,7
91,13,Devolder Stijn,35,Trek Factory Racing,,,116.0,+1:18:50,1:41 1:41,2015,7
92,123,Breen Vegard,25,Lotto Soudal,,,68.0,+47:20,1:43 1:43,2015,7
93,2,Bonifazio Niccolo,21,Lampre - Merida,,,128.0,+1:25:28,1:45 1:45,2015,7
94,135,Ladagnous Matthieu,30,FDJ,,,64.0,+45:51,",, 1:45",2015,7
95,137,Roy J\xe9r\xe9my,31,FDJ,,,54.0,+37:42,2:21 2:21,2015,7
96,152,Bozic Borut,34,Astana Pro Team,,,103.0,+1:07:32,2:25 2:25,2015,7
97,63,Lindeman Bert-Jan,26,Team LottoNL-Jumbo,,,89.0,+1:02:42,2:27 2:27,2015,7
98,76,Lagutin Sergey,34,Team Katusha,,,98.0,+1:06:09,",, 2:27",2015,7
99,103,Clarke Simon,28,Orica GreenEDGE,,,61.0,+44:33,2:41 2:41,2015,7
100,73,Haller Marco,24,Team Katusha,,,94.0,+1:04:54,2:51 2:51,2015,7
101,188,Selvaggi Mirko,30,Wanty - Groupe Gobert,,,79.0,+54:49,3:07 3:07,2015,7
102,75,Kuznetsov Viacheslav,25,Team Katusha,,,90.0,+1:03:11,4:29 4:29,2015,7
103,74,Kozonchuk Dmitry,31,Team Katusha,,,84.0,+1:00:18,",, 4:29",2015,7
104,12,Arredondo Juli\xe1n David,26,Trek Factory Racing,,,33.0,+19:02,",, 4:29",2015,7
105,23,Denifl Stefan,27,IAM Cycling,,,55.0,+40:15,5:58 5:58,2015,7
106,86,Fr\xf6hlinger Johannes,30,Team Giant - Alpecin,,,93.0,+1:04:14,9:39 9:39,2015,7
107,48,Valgren Michael,23,Tinkoff - Saxo,,,78.0,+53:43,",, 9:39",2015,7
108,168,Domont Axel,24,AG2R La Mondiale,,,66.0,+47:01,9:46 9:46,2015,7
109,5,Niemiec Przemyslaw,35,Lampre - Merida,,,67.0,+47:11,12:33 12:33,2015,7
110,125,De Gendt Thomas,28,Lotto Soudal,,,74.0,+50:32,",, 12:33",2015,7
111,153,Fominykh Daniil,23,Astana Pro Team,,,126.0,+1:23:59,",, 12:33",2015,7
112,183,Baugnies Jerome,28,Wanty - Groupe Gobert,,,138.0,+1:34:00,17:09 17:09,2015,7
113,182,Backaert Frederik,25,Wanty - Groupe Gobert,,,125.0,+1:23:41,",, 17:09",2015,7
114,58,Pate Danny,36,Team Sky,,,133.0,+1:30:33,",, 17:09",2015,7
115,87,Jones Carter,26,Team Giant - Alpecin,,,124.0,+1:23:41,",, 17:09",2015,7
116,166,Kadri Blel,28,AG2R La Mondiale,,,137.0,+1:33:54,",, 17:09",2015,7
117,132,Bonnet William,32,FDJ,,,142.0,+1:37:26,",, 17:09",2015,7
118,11,Cancellara Fabian,34,Trek Factory Racing,,,132.0,+1:29:01,",, 17:09",2015,7
119,138,Vichot Arthur,26,FDJ,,,140.0,+1:35:30,",, 17:09",2015,7
120,133,Chavanel S\xe9bastien,32,FDJ,,,143.0,+1:41:16,",, 17:09",2015,7
121,55,Eisel Bernhard,34,Team Sky,,,141.0,+1:35:47,",, 17:09",2015,7
122,88,Preidler Georg,25,Team Giant - Alpecin,,,101.0,+1:07:08,",, 17:09",2015,7
123,8,Costa M\xe1rio,29,Lampre - Merida,,,131.0,+1:27:18,",, 17:09",2015,7
124,124,de Buyst Jasper,21,Lotto Soudal,,,120.0,+1:20:22,",, 17:09",2015,7
125,18,Stuyven Jasper,23,Trek Factory Racing,,,102.0,+1:07:26,",, 17:09",2015,7
126,173,Rutkiewicz Marek,34,CCC Sprandi Polkowice,,,117.0,+1:19:06,",, 17:09",2015,7
127,171,Szmyd Sylwester,37,CCC Sprandi Polkowice,,,57.0,+41:56,",, 17:09",2015,7
128,178,Bole Grega,29,CCC Sprandi Polkowice,,,106.0,+1:10:24,",, 17:09",2015,7
129,98,Moser Moreno,24,Team Cannondale - Garmin,,,113.0,+1:15:59,",, 17:09",2015,7
130,36,Senni Manuel,23,BMC Racing Team,,,71.0,+48:49,",, 17:09",2015,7
131,116,Malori Adriano,27,Movistar Team,,,100.0,+1:06:26,",, 17:09",2015,7
132,113,Anton Igor,32,Movistar Team,,,81.0,+56:18,",, 17:09",2015,7
133,92,Bettiol Alberto,21,Team Cannondale - Garmin,,,119.0,+1:20:00,",, 17:09",2015,7
134,185,Antonini Simone,24,Wanty - Groupe Gobert,,,135.0,+1:31:36,",, 17:09",2015,7
135,4,Conti Valerio,22,Lampre - Merida,,,62.0,+45:12,",, 17:09",2015,7
136,122,Arm\xe9e Sander,29,Lotto Soudal,,,108.0,+1:12:03,",, 17:09",2015,7
137,82,Arndt Nikias,23,Team Giant - Alpecin,,,105.0,+1:09:27,",, 17:09",2015,7
138,27,Br\xe4ndle Matthias,25,IAM Cycling,,,130.0,+1:26:20,",, 17:09",2015,7
139,45,Brutt Pavel,33,Tinkoff - Saxo,,,134.0,+1:31:16,",, 17:09",2015,7
140,43,Trusov Nikolay,29,Tinkoff - Saxo,,,139.0,+1:35:26,",, 17:09",2015,7
141,44,Breschel Matti,30,Tinkoff - Saxo,,,112.0,+1:15:48,",, 17:09",2015,7
142,126,Dehaes Kenny,30,Lotto Soudal,,,136.0,+1:32:54,",, 17:09",2015,7
143,54,Nordhaug Lars Petter,31,Team Sky,,,121.0,+1:21:59,",, 17:09",2015,7
DNF,181,Gasparotto Enrico,33,Wanty - Groupe Gobert,,,,+ - 25:55:03,",, 17:09",2015,7
DNS,148,Vermote Julien,25,Etixx - Quick Step,,,,+ - 25:55:03,",, 17:09",2015,7
1,158,Lutsenko Alexey,22,Astana Pro Team,6.0,50.0,27.0,+14:14,3:28:11 3:28:11,2015,8
2,163,Bakelants Jan,29,AG2R La Mondiale,4.0,30.0,16.0,+3:54,0:01 0:01,2015,8
3,83,Barguil Warren,23,Team Giant - Alpecin,2.0,18.0,10.0,+2:51,0:17 0:17,2015,8
4,73,Haller Marco,24,Team Katusha,1.0,13.0,79.0,+1:03:00,0:22 0:22,2015,8
5,42,Bennati Daniele,34,Tinkoff - Saxo,1.0,10.0,72.0,+59:07,",, 0:22",2015,8
6,101,Albasini Michael,34,Orica GreenEDGE,,7.0,39.0,+27:13,",, 0:22",2015,8
7,147,Trentin Matteo,25,Etixx - Quick Step,,4.0,60.0,+48:29,",, 0:22",2015,8
8,38,Wyss Danilo,29,BMC Racing Team,,3.0,43.0,+31:45,",, 0:22",2015,8
9,111,Anacona Winner,26,Movistar Team,,2.0,21.0,+6:22,",, 0:22",2015,8
10,13,Devolder Stijn,35,Trek Factory Racing,,1.0,97.0,+1:16:58,",, 0:22",2015,8
11,108,Meyer Cameron,27,Orica GreenEDGE,,,59.0,+47:13,0:40 0:40,2015,8
12,75,Kuznetsov Viacheslav,25,Team Katusha,,,78.0,+1:02:50,1:53 1:53,2015,8
13,128,Roelandts Jurgen,29,Lotto Soudal,,,82.0,+1:04:52,",, 1:53",2015,8
14,25,Fumeaux Jonathan,27,IAM Cycling,,,40.0,+27:15,",, 1:53",2015,8
15,186,Marcato Marco,31,Wanty - Groupe Gobert,,,56.0,+46:33,",, 1:53",2015,8
16,175,Rebellin Davide,43,CCC Sprandi Polkowice,,,26.0,+13:10,",, 1:53",2015,8
17,141,Kwiatkowski Michal,25,Etixx - Quick Step,,,75.0,+1:01:51,1:58 1:58,2015,8
18,41,Sagan Peter,25,Tinkoff - Saxo,,,34.0,+23:15,2:11 2:11,2015,8
19,85,Dumoulin Tom,24,Team Giant - Alpecin,,,6.0,+1:24,",, 2:11",2015,8
20,52,Thomas Geraint,29,Team Sky,,,2.0,+0:34,",, 2:11",2015,8
21,78,Spilak Simon,28,Team Katusha,,,3.0,+0:47,",, 2:11",2015,8
22,77,Moreno Daniel,33,Team Katusha,,,18.0,+4:30,",, 2:11",2015,8
23,15,Jungels Bob,22,Trek Factory Racing,,,14.0,+3:22,2:14 2:14,2015,8
24,102,Chaves Johan Esteban,25,Orica GreenEDGE,,,13.0,+3:12,",, 2:14",2015,8
25,161,Pozzovivo Domenico,32,AG2R La Mondiale,,,4.0,+0:50,",, 2:14",2015,8
26,48,Valgren Michael,23,Tinkoff - Saxo,,,65.0,+53:43,",, 2:14",2015,8
27,131,Pinot Thibaut,25,FDJ,,,1.0,+0:00,",, 2:14",2015,8
28,46,Majka Rafa\u0142,25,Tinkoff - Saxo,,,12.0,+2:59,",, 2:14",2015,8
29,51,Henao Sergio Luis,27,Team Sky,,,9.0,+2:46,",, 2:14",2015,8
30,61,Gesink Robert,29,Team LottoNL-Jumbo,,,11.0,+2:52,",, 2:14",2015,8
31,136,Morabito Steve,32,FDJ,,,7.0,+2:29,",, 2:14",2015,8
32,26,Reichenbach Sebastien,26,IAM Cycling,,,8.0,+2:43,",, 2:14",2015,8
33,88,Preidler Georg,25,Team Giant - Alpecin,,,85.0,+1:07:08,",, 2:14",2015,8
34,103,Clarke Simon,28,Orica GreenEDGE,,,54.0,+44:33,",, 2:14",2015,8
35,37,Van Avermaet Greg,30,BMC Racing Team,,,36.0,+24:18,",, 2:14",2015,8
36,64,Martens Paul,31,Team LottoNL-Jumbo,,,49.0,+42:39,2:19 2:19,2015,8
37,33,Hermans Ben,29,BMC Racing Team,,,19.0,+4:34,2:21 2:21,2015,8
38,156,Lopez Miguel Angel,21,Astana Pro Team,,,5.0,+1:14,",, 2:21",2015,8
39,7,Durasek Kristijan,27,Lampre - Merida,,,15.0,+3:28,",, 2:21",2015,8
40,184,de Greef Francis,30,Wanty - Groupe Gobert,,,22.0,+8:09,",, 2:21",2015,8
41,17,Schleck Fr\xe4nk,35,Trek Factory Racing,,,24.0,+9:02,",, 2:21",2015,8
42,117,Rojas Jos\xe9 Joaqu\xedn,30,Movistar Team,,,33.0,+22:30,",, 2:21",2015,8
43,187,Minnaard Marco,26,Wanty - Groupe Gobert,,,28.0,+16:02,",, 2:21",2015,8
44,177,Honkisz Adrian,27,CCC Sprandi Polkowice,,,61.0,+49:13,2:34 2:34,2015,8
45,57,Siutsou Kanstantsin,32,Team Sky,,,20.0,+5:57,2:36 2:36,2015,8
46,28,Warbasse Larry,24,IAM Cycling,,,29.0,+17:38,",, 2:36",2015,8
47,94,Dombrowski Joe,24,Team Cannondale - Garmin,,,25.0,+11:25,",, 2:36",2015,8
48,65,ten Dam Laurens,34,Team LottoNL-Jumbo,,,17.0,+4:11,",, 2:36",2015,8
49,32,Atapuma John Darwin,27,BMC Racing Team,,,30.0,+19:02,",, 2:36",2015,8
50,93,Cardoso Andr\xe9,30,Team Cannondale - Garmin,,,32.0,+22:13,2:45 2:45,2015,8
51,6,Pibernik Luka,21,Lampre - Merida,,,38.0,+26:34,3:14 3:14,2015,8
52,135,Ladagnous Matthieu,30,FDJ,,,57.0,+46:51,",, 3:14",2015,8
53,45,Brutt Pavel,33,Tinkoff - Saxo,,,113.0,+1:32:16,",, 3:14",2015,8
54,16,Rast Gregory,35,Trek Factory Racing,,,80.0,+1:03:05,3:44 3:44,2015,8
55,21,Elmiger Martin,36,IAM Cycling,,,45.0,+35:21,",, 3:44",2015,8
56,105,Hayman Mathew,37,Orica GreenEDGE,,,83.0,+1:05:13,",, 3:44",2015,8
57,104,Impey Daryl,30,Orica GreenEDGE,,,44.0,+32:14,",, 3:44",2015,8
58,118,Ventoso Francisco,33,Movistar Team,,,58.0,+46:53,",, 3:44",2015,8
59,44,Breschel Matti,30,Tinkoff - Saxo,,,99.0,+1:17:18,",, 3:44",2015,8
60,112,Capecchi Eros,29,Movistar Team,,,55.0,+45:20,",, 3:44",2015,8
61,171,Szmyd Sylwester,37,CCC Sprandi Polkowice,,,52.0,+43:26,",, 3:44",2015,8
62,36,Senni Manuel,23,BMC Racing Team,,,62.0,+50:19,",, 3:44",2015,8
63,146,Stybar Zdenek,29,Etixx - Quick Step,,,87.0,+1:07:13,3:46 3:46,2015,8
64,176,Hirt Jan,24,CCC Sprandi Polkowice,,,31.0,+21:32,",, 3:46",2015,8
65,167,Minard S\xe9bastien,33,AG2R La Mondiale,,,69.0,+57:17,",, 3:46",2015,8
66,144,Go\u0142a\u015b Micha\u0142,31,Etixx - Quick Step,,,47.0,+38:45,",, 3:46",2015,8
67,125,De Gendt Thomas,28,Lotto Soudal,,,64.0,+52:09,3:51 3:51,2015,8
68,56,Knees Christian,34,Team Sky,,,41.0,+29:05,3:54 3:54,2015,8
69,86,Fr\xf6hlinger Johannes,30,Team Giant - Alpecin,,,84.0,+1:05:54,",, 3:54",2015,8
70,143,Brambilla Gianluca,27,Etixx - Quick Step,,,23.0,+8:47,4:01 4:01,2015,8
71,137,Roy J\xe9r\xe9my,31,FDJ,,,48.0,+39:40,4:12 4:12,2015,8
72,74,Kozonchuk Dmitry,31,Team Katusha,,,76.0,+1:02:33,4:29 4:29,2015,8
73,24,Devenyns Dries,31,IAM Cycling,,,93.0,+1:15:06,4:36 4:36,2015,8
74,22,Coppel J\xe9rome,28,IAM Cycling,,,37.0,+26:01,4:44 4:44,2015,8
75,116,Malori Adriano,27,Movistar Team,,,89.0,+1:09:17,5:05 5:05,2015,8
76,23,Denifl Stefan,27,IAM Cycling,,,50.0,+43:06,",, 5:05",2015,8
77,164,Gaudin Damien,28,AG2R La Mondiale,,,77.0,+1:02:45,",, 5:05",2015,8
78,31,Dillier Silvan,24,BMC Racing Team,,,46.0,+35:43,5:09 5:09,2015,8
79,71,Kristoff Alexander,27,Team Katusha,,,106.0,+1:24:55,",, 5:09",2015,8
80,173,Rutkiewicz Marek,34,CCC Sprandi Polkowice,,,104.0,+1:22:54,6:02 6:02,2015,8
81,165,Turgot S\xe9bastien,31,AG2R La Mondiale,,,88.0,+1:07:38,6:30 6:30,2015,8
82,12,Arredondo Juli\xe1n David,26,Trek Factory Racing,,,35.0,+23:18,",, 6:30",2015,8
83,122,Arm\xe9e Sander,29,Lotto Soudal,,,98.0,+1:17:05,7:16 7:16,2015,8
84,96,Howes Alex,27,Team Cannondale - Garmin,,,95.0,+1:16:17,10:07 10:07,2015,8
85,91,Danielson Thomas,37,Team Cannondale - Garmin,,,42.0,+30:40,",, 10:07",2015,8
86,5,Niemiec Przemyslaw,35,Lampre - Merida,,,67.0,+55:04,",, 10:07",2015,8
87,95,King Benjamin,26,Team Cannondale - Garmin,,,51.0,+43:23,",, 10:07",2015,8
88,97,Mohoric Matej,20,Team Cannondale - Garmin,,,74.0,+1:00:50,",, 10:07",2015,8
89,153,Fominykh Daniil,23,Astana Pro Team,,,112.0,+1:31:52,",, 10:07",2015,8
90,66,Van Asbroeck Tom,25,Team LottoNL-Jumbo,,,107.0,+1:24:56,",, 10:07",2015,8
91,63,Lindeman Bert-Jan,26,Team LottoNL-Jumbo,,,90.0,+1:10:35,",, 10:07",2015,8
92,166,Kadri Blel,28,AG2R La Mondiale,,,120.0,+1:42:07,",, 10:07",2015,8
93,106,Tuft Svein,38,Orica GreenEDGE,,,101.0,+1:20:38,",, 10:07",2015,8
94,47,M\xf8rk\xf8v Michael,30,Tinkoff - Saxo,,,86.0,+1:07:08,",, 10:07",2015,8
95,62,Leezer Tom,29,Team LottoNL-Jumbo,,,92.0,+1:14:14,",, 10:07",2015,8
96,27,Br\xe4ndle Matthias,25,IAM Cycling,,,117.0,+1:37:07,13:01 13:01,2015,8
97,14,Didier Laurent,30,Trek Factory Racing,,,66.0,+54:58,",, 13:01",2015,8
98,11,Cancellara Fabian,34,Trek Factory Racing,,,118.0,+1:39:48,",, 13:01",2015,8
99,81,Degenkolb John,26,Team Giant - Alpecin,,,81.0,+1:03:56,",, 13:01",2015,8
100,34,Drucker Jean-Pierre,28,BMC Racing Team,,,105.0,+1:24:12,",, 13:01",2015,8
101,142,Cavendish Mark,30,Etixx - Quick Step,,,109.0,+1:29:19,",, 13:01",2015,8
102,172,Samoilau Branislau,30,CCC Sprandi Polkowice,,,53.0,+44:33,",, 13:01",2015,8
103,76,Lagutin Sergey,34,Team Katusha,,,96.0,+1:16:56,",, 13:01",2015,8
104,43,Trusov Nikolay,29,Tinkoff - Saxo,,,122.0,+1:46:13,",, 13:01",2015,8
105,84,de Kort Koen,32,Team Giant - Alpecin,,,94.0,+1:15:55,",, 13:01",2015,8
106,72,Guarnieri Jacopo,27,Team Katusha,,,114.0,+1:33:50,",, 13:01",2015,8
107,123,Breen Vegard,25,Lotto Soudal,,,71.0,+58:07,",, 13:01",2015,8
108,87,Jones Carter,26,Team Giant - Alpecin,,,115.0,+1:34:28,",, 13:01",2015,8
109,132,Bonnet William,32,FDJ,,,124.0,+1:48:13,",, 13:01",2015,8
110,138,Vichot Arthur,26,FDJ,,,123.0,+1:46:17,",, 13:01",2015,8
111,68,Teunissen Mike,22,Team LottoNL-Jumbo,,,103.0,+1:21:58,",, 13:01",2015,8
112,98,Moser Moreno,24,Team Cannondale - Garmin,,,108.0,+1:26:46,",, 13:01",2015,8
113,154,Agnoli Valerio,30,Astana Pro Team,,,73.0,+59:14,",, 13:01",2015,8
114,174,Schumacher Stefan,33,CCC Sprandi Polkowice,,,63.0,+51:26,",, 13:01",2015,8
115,4,Conti Valerio,22,Lampre - Merida,,,68.0,+55:59,",, 13:01",2015,8
116,185,Antonini Simone,24,Wanty - Groupe Gobert,,,121.0,+1:42:23,",, 13:01",2015,8
117,67,Vanmarcke Sep,26,Team LottoNL-Jumbo,,,91.0,+1:11:12,",, 13:01",2015,8
118,145,Renshaw Mark,32,Etixx - Quick Step,,,110.0,+1:30:26,",, 13:01",2015,8
119,92,Bettiol Alberto,21,Team Cannondale - Garmin,,,111.0,+1:30:47,",, 13:01",2015,8
120,1,Cimolai Davide,25,Lampre - Merida,,,116.0,+1:36:02,",, 13:01",2015,8
121,168,Domont Axel,24,AG2R La Mondiale,,,70.0,+57:48,",, 13:01",2015,8
122,152,Bozic Borut,34,Astana Pro Team,,,100.0,+1:18:19,",, 13:01",2015,8
123,178,Bole Grega,29,CCC Sprandi Polkowice,,,102.0,+1:21:11,",, 13:01",2015,8
124,58,Pate Danny,36,Team Sky,,,119.0,+1:41:20,",, 13:01",2015,8
DNF,54,Nordhaug Lars Petter,31,Team Sky,,,,+ - 29:25:28,",, 13:01",2015,8
DNF,126,Dehaes Kenny,30,Lotto Soudal,,,,+ - 29:25:28,",, 13:01",2015,8
DNF,127,Monfort Maxime,32,Lotto Soudal,,,,+ - 29:25:28,",, 13:01",2015,8
DNF,182,Backaert Frederik,25,Wanty - Groupe Gobert,,,,+ - 29:25:28,",, 13:01",2015,8
DNF,188,Selvaggi Mirko,30,Wanty - Groupe Gobert,,,,+ - 29:25:28,",, 13:01",2015,8
DNF,183,Baugnies Jerome,28,Wanty - Groupe Gobert,,,,+ - 29:25:28,",, 13:01",2015,8
DNF,82,Arndt Nikias,23,Team Giant - Alpecin,,,,+ - 29:25:28,",, 13:01",2015,8
DNF,124,de Buyst Jasper,21,Lotto Soudal,,,,+ - 29:25:28,",, 13:01",2015,8
DNF,113,Anton Igor,32,Movistar Team,,,,+ - 29:25:28,",, 13:01",2015,8
DNF,8,Costa M\xe1rio,29,Lampre - Merida,,,,+ - 29:25:28,",, 13:01",2015,8
DNF,121,Van den Broeck Jurgen,32,Lotto Soudal,,,,+ - 29:25:28,",, 13:01",2015,8
DNF,162,Bonnafond Guillaume,27,AG2R La Mondiale,,,,+ - 29:25:28,",, 13:01",2015,8
DNF,151,Fuglsang Jakob,30,Astana Pro Team,,,,+ - 29:25:28,",, 13:01",2015,8
DNF,18,Stuyven Jasper,23,Trek Factory Racing,,,,+ - 29:25:28,",, 13:01",2015,8
DNF,155,Kozhatayev Bakhtiyar,23,Astana Pro Team,,,,+ - 29:25:28,",, 13:01",2015,8
HD,55,Eisel Bernhard,34,Team Sky,,,,+ - 29:25:28,",, 13:01",2015,8
HD,2,Bonifazio Niccolo,21,Lampre - Merida,,,,+ - 29:25:28,",, 13:01",2015,8
HD,133,Chavanel S\xe9bastien,32,FDJ,,,,+ - 29:25:28,",, 13:01",2015,8
HD,134,D\xe9mare Arnaud,23,FDJ,,,,+ - 29:25:28,",, 13:01",2015,8
