BIB,GC,GC-Time,Prev,Rnk,Team,Time,stage,year,▼▲
,,+ -4:36:07,,1,Caisse d'Epargne,13:48:26 13:48:26,1,2008,
,,+ -4:36:07,,2,CSC ProTeam,0:07 0:07,1,2008,
,,+ -4:36:07,,3,Team Columbia,",, 0:07",1,2008,
,,+ -4:36:07,,4,Team Garmin - Chipotle,",, 0:07",1,2008,
,,+ -4:36:07,,5,Quickstep - Innergetic,",, 0:07",1,2008,
,,+ -4:36:07,,6,Liquigas,",, 0:07",1,2008,
,,+ -4:36:07,,7,Euskaltel - Euskadi,0:13 0:13,1,2008,
,,+ -4:36:07,,8,Scott - American Beef,0:20 0:20,1,2008,
,,+ -4:36:07,,9,Crédit Agricole,0:24 0:24,1,2008,
,,+ -4:36:07,,10,Lampre,",, 0:24",1,2008,
,,+ -4:36:07,,11,Gerolsteiner,",, 0:24",1,2008,
,,+ -4:36:07,,12,AG2R La Mondiale,",, 0:24",1,2008,
,,+ -4:36:07,,13,Rabobank ProTeam,0:26 0:26,1,2008,
,,+ -4:36:07,,14,Milram,0:43 0:43,1,2008,
,,+ -4:36:07,,15,"Cofidis, le Crédit par Téléphone",0:48 0:48,1,2008,
,,+ -4:36:07,,16,Agritubel,1:07 1:07,1,2008,
,,+ -4:36:07,,17,Silence - Lotto,1:09 1:09,1,2008,
,,+ -4:36:07,,18,Barloworld,1:12 1:12,1,2008,
,,+ -4:36:07,,19,Française des Jeux,1:52 1:52,1,2008,
,,+ -4:36:07,,20,Bouygues Telecom,",, 1:52",1,2008,
,,+ -8:21:20,1.0,1,Caisse d'Epargne,25:04:08 25:04:08,2,2008,-
,,+ -8:21:20,3.0,2,Team Columbia,0:07 0:07,2,2008,▲1
,,+ -8:21:20,2.0,3,CSC ProTeam,",, 0:07",2,2008,▼1
,,+ -8:21:20,4.0,4,Team Garmin - Chipotle,",, 0:07",2,2008,-
,,+ -8:21:20,5.0,5,Quickstep - Innergetic,",, 0:07",2,2008,-
,,+ -8:21:20,6.0,6,Liquigas,",, 0:07",2,2008,-
,,+ -8:21:20,7.0,7,Euskaltel - Euskadi,0:13 0:13,2,2008,-
,,+ -8:21:20,8.0,8,Scott - American Beef,0:20 0:20,2,2008,-
,,+ -8:21:20,12.0,9,AG2R La Mondiale,0:24 0:24,2,2008,▲3
,,+ -8:21:20,9.0,10,Crédit Agricole,",, 0:24",2,2008,▼1
,,+ -8:21:20,11.0,11,Gerolsteiner,",, 0:24",2,2008,-
,,+ -8:21:20,13.0,12,Rabobank ProTeam,0:26 0:26,2,2008,▲1
,,+ -8:21:20,14.0,13,Milram,0:43 0:43,2,2008,▲1
,,+ -8:21:20,16.0,14,Agritubel,0:46 0:46,2,2008,▲2
,,+ -8:21:20,15.0,15,"Cofidis, le Crédit par Téléphone",0:48 0:48,2,2008,-
,,+ -8:21:20,17.0,16,Silence - Lotto,1:08 1:08,2,2008,▲1
,,+ -8:21:20,18.0,17,Barloworld,1:09 1:09,2,2008,▲1
,,+ -8:21:20,19.0,18,Française des Jeux,1:12 1:12,2,2008,▲1
,,+ -8:21:20,20.0,19,Bouygues Telecom,1:52 1:52,2,2008,▲1
,,+ -8:21:20,10.0,20,Lampre,2:04 2:04,2,2008,▼10
,,+ - 13:27:05,4.0,1,Team Garmin - Chipotle,40:24:42 40:24:42,3,2008,▲3
,,+ - 13:27:05,15.0,2,"Cofidis, le Crédit par Téléphone",0:41 0:41,3,2008,▲13
,,+ - 13:27:05,17.0,3,Barloworld,1:16 1:16,3,2008,▲14
,,+ - 13:27:05,14.0,4,Agritubel,1:17 1:17,3,2008,▲10
,,+ - 13:27:05,1.0,5,Caisse d'Epargne,1:56 1:56,3,2008,▼4
,,+ - 13:27:05,2.0,6,Team Columbia,2:03 2:03,3,2008,▼4
,,+ - 13:27:05,3.0,7,CSC ProTeam,",, 2:03",3,2008,▼4
,,+ - 13:27:05,5.0,8,Quickstep - Innergetic,",, 2:03",3,2008,▼3
,,+ - 13:27:05,6.0,9,Liquigas,",, 2:03",3,2008,▼3
,,+ - 13:27:05,7.0,10,Euskaltel - Euskadi,2:09 2:09,3,2008,▼3
,,+ - 13:27:05,9.0,11,AG2R La Mondiale,2:20 2:20,3,2008,▼2
,,+ - 13:27:05,10.0,12,Crédit Agricole,",, 2:20",3,2008,▼2
,,+ - 13:27:05,11.0,13,Gerolsteiner,",, 2:20",3,2008,▼2
,,+ - 13:27:05,13.0,14,Milram,2:39 2:39,3,2008,▼1
,,+ - 13:27:05,16.0,15,Silence - Lotto,3:04 3:04,3,2008,▲1
,,+ - 13:27:05,18.0,16,Française des Jeux,3:08 3:08,3,2008,▲2
,,+ - 13:27:05,12.0,17,Rabobank ProTeam,3:38 3:38,3,2008,▼5
,,+ - 13:27:05,19.0,18,Bouygues Telecom,3:48 3:48,3,2008,▲1
,,+ - 13:27:05,20.0,19,Lampre,4:00 4:00,3,2008,▲1
,,+ - 13:27:05,8.0,20,Scott - American Beef,4:10 4:10,3,2008,▼12
,,+ - 14:04:41,1.0,1,Team Garmin - Chipotle,42:13:59 42:13:59,4,2008,-
,,+ - 14:04:41,6.0,2,Team Columbia,1:44 1:44,4,2008,▲4
,,+ - 14:04:41,7.0,3,CSC ProTeam,2:35 2:35,4,2008,▲4
,,+ - 14:04:41,2.0,4,"Cofidis, le Crédit par Téléphone",3:20 3:20,4,2008,▼2
,,+ - 14:04:41,13.0,5,Gerolsteiner,3:31 3:31,4,2008,▲8
,,+ - 14:04:41,5.0,6,Caisse d'Epargne,3:43 3:43,4,2008,▼1
,,+ - 14:04:41,9.0,7,Liquigas,4:30 4:30,4,2008,▲2
,,+ - 14:04:41,8.0,8,Quickstep - Innergetic,5:08 5:08,4,2008,-
,,+ - 14:04:41,3.0,9,Barloworld,5:31 5:31,4,2008,▼6
,,+ - 14:04:41,10.0,10,Euskaltel - Euskadi,6:14 6:14,4,2008,-
,,+ - 14:04:41,11.0,11,AG2R La Mondiale,6:23 6:23,4,2008,-
,,+ - 14:04:41,17.0,12,Rabobank ProTeam,6:39 6:39,4,2008,▲5
,,+ - 14:04:41,19.0,13,Lampre,6:47 6:47,4,2008,▲6
,,+ - 14:04:41,14.0,14,Milram,7:06 7:06,4,2008,-
,,+ - 14:04:41,4.0,15,Agritubel,7:07 7:07,4,2008,▼11
,,+ - 14:04:41,15.0,16,Silence - Lotto,7:19 7:19,4,2008,▼1
,,+ - 14:04:41,18.0,17,Bouygues Telecom,8:03 8:03,4,2008,▲1
,,+ - 14:04:41,12.0,18,Crédit Agricole,8:13 8:13,4,2008,▼6
,,+ - 14:04:41,20.0,19,Scott - American Beef,8:43 8:43,4,2008,▲1
,,+ - 14:04:41,16.0,20,Française des Jeux,9:17 9:17,4,2008,▼4
,,+ - 19:32:33,1.0,1,Team Garmin - Chipotle,58:37:35 58:37:35,5,2008,-
,,+ - 19:32:33,2.0,2,Team Columbia,1:44 1:44,5,2008,-
,,+ - 19:32:33,3.0,3,CSC ProTeam,2:35 2:35,5,2008,-
,,+ - 19:32:33,4.0,4,"Cofidis, le Crédit par Téléphone",3:20 3:20,5,2008,-
,,+ - 19:32:33,5.0,5,Gerolsteiner,3:31 3:31,5,2008,-
,,+ - 19:32:33,6.0,6,Caisse d'Epargne,3:43 3:43,5,2008,-
,,+ - 19:32:33,7.0,7,Liquigas,4:30 4:30,5,2008,-
,,+ - 19:32:33,8.0,8,Quickstep - Innergetic,5:08 5:08,5,2008,-
,,+ - 19:32:33,9.0,9,Barloworld,5:31 5:31,5,2008,-
,,+ - 19:32:33,10.0,10,Euskaltel - Euskadi,6:14 6:14,5,2008,-
,,+ - 19:32:33,11.0,11,AG2R La Mondiale,6:23 6:23,5,2008,-
,,+ - 19:32:33,12.0,12,Rabobank ProTeam,6:39 6:39,5,2008,-
,,+ - 19:32:33,13.0,13,Lampre,6:47 6:47,5,2008,-
,,+ - 19:32:33,14.0,14,Milram,7:06 7:06,5,2008,-
,,+ - 19:32:33,15.0,15,Agritubel,7:07 7:07,5,2008,-
,,+ - 19:32:33,16.0,16,Silence - Lotto,7:19 7:19,5,2008,-
,,+ - 19:32:33,17.0,17,Bouygues Telecom,8:03 8:03,5,2008,-
,,+ - 19:32:33,18.0,18,Crédit Agricole,8:13 8:13,5,2008,-
,,+ - 19:32:33,19.0,19,Scott - American Beef,8:43 8:43,5,2008,-
,,+ - 19:32:33,20.0,20,Française des Jeux,9:17 9:17,5,2008,-
,,+ - 24:30:41,1.0,1,Team Garmin - Chipotle,73:34:10 73:34:10,6,2008,-
,,+ - 24:30:41,3.0,2,CSC ProTeam,0:19 0:19,6,2008,▲1
,,+ - 24:30:41,2.0,3,Team Columbia,0:20 0:20,6,2008,▼1
,,+ - 24:30:41,6.0,4,Caisse d'Epargne,3:54 3:54,6,2008,▲2
,,+ - 24:30:41,7.0,5,Liquigas,4:09 4:09,6,2008,▲2
,,+ - 24:30:41,10.0,6,Euskaltel - Euskadi,4:17 4:17,6,2008,▲4
,,+ - 24:30:41,5.0,7,Gerolsteiner,4:33 4:33,6,2008,▼2
,,+ - 24:30:41,4.0,8,"Cofidis, le Crédit par Téléphone",5:24 5:24,6,2008,▼4
,,+ - 24:30:41,9.0,9,Barloworld,5:30 5:30,6,2008,-
,,+ - 24:30:41,13.0,10,Lampre,5:42 5:42,6,2008,▲3
,,+ - 24:30:41,11.0,11,AG2R La Mondiale,5:50 5:50,6,2008,-
,,+ - 24:30:41,19.0,12,Scott - American Beef,6:23 6:23,6,2008,▲7
,,+ - 24:30:41,12.0,13,Rabobank ProTeam,6:57 6:57,6,2008,▼1
,,+ - 24:30:41,15.0,14,Agritubel,7:20 7:20,6,2008,▲1
,,+ - 24:30:41,18.0,15,Crédit Agricole,7:54 7:54,6,2008,▲3
,,+ - 24:30:41,16.0,16,Silence - Lotto,8:55 8:55,6,2008,-
,,+ - 24:30:41,8.0,17,Quickstep - Innergetic,9:11 9:11,6,2008,▼9
,,+ - 24:30:41,17.0,18,Bouygues Telecom,",, 9:11",6,2008,▼1
,,+ - 24:30:41,14.0,19,Milram,14:10 14:10,6,2008,▼5
,,+ - 24:30:41,20.0,20,Française des Jeux,14:25 14:25,6,2008,-
,,+ - 28:23:40,2.0,1,CSC ProTeam,85:13:26 85:13:26,7,2008,▲1
,,+ - 28:23:40,3.0,2,Team Columbia,2:52 2:52,7,2008,▲1
,,+ - 28:23:40,4.0,3,Caisse d'Epargne,3:29 3:29,7,2008,▲1
,,+ - 28:23:40,5.0,4,Liquigas,3:50 3:50,7,2008,▲1
,,+ - 28:23:40,7.0,5,Gerolsteiner,4:41 4:41,7,2008,▲2
,,+ - 28:23:40,6.0,6,Euskaltel - Euskadi,4:52 4:52,7,2008,-
,,+ - 28:23:40,12.0,7,Scott - American Beef,6:04 6:04,7,2008,▲5
,,+ - 28:23:40,11.0,8,AG2R La Mondiale,6:25 6:25,7,2008,▲3
,,+ - 28:23:40,9.0,9,Barloworld,6:32 6:32,7,2008,-
,,+ - 28:23:40,13.0,10,Rabobank ProTeam,7:32 7:32,7,2008,▲3
,,+ - 28:23:40,15.0,11,Crédit Agricole,8:56 8:56,7,2008,▲4
,,+ - 28:23:40,10.0,12,Lampre,9:28 9:28,7,2008,▼2
,,+ - 28:23:40,18.0,13,Bouygues Telecom,10:13 10:13,7,2008,▲5
,,+ - 28:23:40,1.0,14,Team Garmin - Chipotle,10:59 10:59,7,2008,▼13
,,+ - 28:23:40,16.0,15,Silence - Lotto,11:27 11:27,7,2008,▲1
,,+ - 28:23:40,17.0,16,Quickstep - Innergetic,12:03 12:03,7,2008,▲1
,,+ - 28:23:40,19.0,17,Milram,17:09 17:09,7,2008,▲2
,,+ - 28:23:40,20.0,18,Française des Jeux,20:08 20:08,7,2008,▲2
,,+ - 28:23:40,14.0,19,Agritubel,29:42 29:42,7,2008,▼5
,,+ - 28:23:40,8.0,20,"Cofidis, le Crédit par Téléphone",29:43 29:43,7,2008,▼12
,,+ - 32:26:34,1.0,1,CSC ProTeam,97:22:08 97:22:08,8,2008,-
,,+ - 32:26:34,2.0,2,Team Columbia,2:52 2:52,8,2008,-
,,+ - 32:26:34,3.0,3,Caisse d'Epargne,3:29 3:29,8,2008,-
,,+ - 32:26:34,4.0,4,Liquigas,3:50 3:50,8,2008,-
,,+ - 32:26:34,5.0,5,Gerolsteiner,4:41 4:41,8,2008,-
,,+ - 32:26:34,6.0,6,Euskaltel - Euskadi,4:52 4:52,8,2008,-
,,+ - 32:26:34,7.0,7,Scott - American Beef,6:04 6:04,8,2008,-
,,+ - 32:26:34,8.0,8,AG2R La Mondiale,6:25 6:25,8,2008,-
,,+ - 32:26:34,9.0,9,Barloworld,6:32 6:32,8,2008,-
,,+ - 32:26:34,10.0,10,Rabobank ProTeam,7:32 7:32,8,2008,-
,,+ - 32:26:34,11.0,11,Crédit Agricole,8:56 8:56,8,2008,-
,,+ - 32:26:34,12.0,12,Lampre,9:28 9:28,8,2008,-
,,+ - 32:26:34,13.0,13,Bouygues Telecom,10:13 10:13,8,2008,-
,,+ - 32:26:34,14.0,14,Team Garmin - Chipotle,10:59 10:59,8,2008,-
,,+ - 32:26:34,15.0,15,Silence - Lotto,11:27 11:27,8,2008,-
,,+ - 32:26:34,16.0,16,Quickstep - Innergetic,12:03 12:03,8,2008,-
,,+ - 32:26:34,17.0,17,Milram,17:09 17:09,8,2008,-
,,+ - 32:26:34,18.0,18,Française des Jeux,20:08 20:08,8,2008,-
,,+ - 32:26:34,19.0,19,Agritubel,29:42 29:42,8,2008,-
,,+ - 32:26:34,20.0,20,"Cofidis, le Crédit par Téléphone",29:43 29:43,8,2008,-
,,+ - 38:07:19,1.0,1,CSC ProTeam,114:24:23 114:24:23,9,2008,-
,,+ - 38:07:19,3.0,2,Caisse d'Epargne,3:29 3:29,9,2008,▲1
,,+ - 38:07:19,7.0,3,Scott - American Beef,4:47 4:47,9,2008,▲4
,,+ - 38:07:19,5.0,4,Gerolsteiner,5:21 5:21,9,2008,▲1
,,+ - 38:07:19,8.0,5,AG2R La Mondiale,6:12 6:12,9,2008,▲3
,,+ - 38:07:19,2.0,6,Team Columbia,8:02 8:02,9,2008,▼4
,,+ - 38:07:19,10.0,7,Rabobank ProTeam,8:12 8:12,9,2008,▲3
,,+ - 38:07:19,12.0,8,Lampre,9:28 9:28,9,2008,▲4
,,+ - 38:07:19,9.0,9,Barloworld,10:29 10:29,9,2008,-
,,+ - 38:07:19,4.0,10,Liquigas,11:37 11:37,9,2008,▼6
,,+ - 38:07:19,15.0,11,Silence - Lotto,12:07 12:07,9,2008,▲4
,,+ - 38:07:19,6.0,12,Euskaltel - Euskadi,12:39 12:39,9,2008,▼6
,,+ - 38:07:19,13.0,13,Bouygues Telecom,13:30 13:30,9,2008,-
,,+ - 38:07:19,14.0,14,Team Garmin - Chipotle,14:56 14:56,9,2008,-
,,+ - 38:07:19,11.0,15,Crédit Agricole,17:23 17:23,9,2008,▼4
,,+ - 38:07:19,16.0,16,Quickstep - Innergetic,19:50 19:50,9,2008,-
,,+ - 38:07:19,17.0,17,Milram,25:36 25:36,9,2008,-
,,+ - 38:07:19,18.0,18,Française des Jeux,35:48 35:48,9,2008,-
,,+ - 38:07:19,20.0,19,"Cofidis, le Crédit par Téléphone",38:10 38:10,9,2008,▲1
,,+ - 38:07:19,19.0,20,Agritubel,45:16 45:16,9,2008,▼1
,,+ - 42:29:09,3.0,1,Scott - American Beef,127:29:48 127:29:48,10,2008,▲2
,,+ - 42:29:09,1.0,2,CSC ProTeam,4:40 4:40,10,2008,▼1
,,+ - 42:29:09,5.0,3,AG2R La Mondiale,9:29 9:29,10,2008,▲2
,,+ - 42:29:09,4.0,4,Gerolsteiner,19:49 19:49,10,2008,-
,,+ - 42:29:09,2.0,5,Caisse d'Epargne,22:34 22:34,10,2008,▼3
,,+ - 42:29:09,7.0,6,Rabobank ProTeam,23:24 23:24,10,2008,▲1
,,+ - 42:29:09,12.0,7,Euskaltel - Euskadi,25:34 25:34,10,2008,▲5
,,+ - 42:29:09,11.0,8,Silence - Lotto,32:55 32:55,10,2008,▲3
,,+ - 42:29:09,8.0,9,Lampre,34:43 34:43,10,2008,▼1
,,+ - 42:29:09,6.0,10,Team Columbia,37:19 37:19,10,2008,▼4
,,+ - 42:29:09,9.0,11,Barloworld,46:40 46:40,10,2008,▼2
,,+ - 42:29:09,10.0,12,Liquigas,48:30 48:30,10,2008,▼2
,,+ - 42:29:09,18.0,13,Française des Jeux,53:43 53:43,10,2008,▲5
,,+ - 42:29:09,14.0,14,Team Garmin - Chipotle,57:13 57:13,10,2008,-
,,+ - 42:29:09,15.0,15,Crédit Agricole,1:00:55 1:00:55,10,2008,-
,,+ - 42:29:09,19.0,16,"Cofidis, le Crédit par Téléphone",1:02:45 1:02:45,10,2008,▲3
,,+ - 42:29:09,16.0,17,Quickstep - Innergetic,1:03:19 1:03:19,10,2008,▼1
,,+ - 42:29:09,13.0,18,Bouygues Telecom,1:19:50 1:19:50,10,2008,▼5
,,+ - 42:29:09,17.0,19,Milram,1:23:59 1:23:59,10,2008,▼2
,,+ - 42:29:09,20.0,20,Agritubel,1:40:22 1:40:22,10,2008,-
,,+ - 46:42:13,2.0,1,CSC ProTeam,139:58:49 139:58:49,11,2008,▲1
,,+ - 46:42:13,3.0,2,AG2R La Mondiale,4:49 4:49,11,2008,▲1
,,+ - 46:42:13,1.0,3,Scott - American Beef,10:11 10:11,11,2008,▼2
,,+ - 46:42:13,4.0,4,Gerolsteiner,15:23 15:23,11,2008,-
,,+ - 46:42:13,6.0,5,Rabobank ProTeam,18:46 18:46,11,2008,▲1
,,+ - 46:42:13,9.0,6,Lampre,30:03 30:03,11,2008,▲3
,,+ - 46:42:13,5.0,7,Caisse d'Epargne,32:45 32:45,11,2008,▼2
,,+ - 46:42:13,7.0,8,Euskaltel - Euskadi,35:45 35:45,11,2008,▼1
,,+ - 46:42:13,15.0,9,Crédit Agricole,41:49 41:49,11,2008,▲6
,,+ - 46:42:13,8.0,10,Silence - Lotto,43:06 43:06,11,2008,▼2
,,+ - 46:42:13,12.0,11,Liquigas,44:04 44:04,11,2008,▲1
,,+ - 46:42:13,10.0,12,Team Columbia,47:30 47:30,11,2008,▼2
,,+ - 46:42:13,13.0,13,Française des Jeux,49:17 49:17,11,2008,-
,,+ - 46:42:13,16.0,14,"Cofidis, le Crédit par Téléphone",58:34 58:34,11,2008,▲2
,,+ - 46:42:13,11.0,15,Barloworld,1:04:14 1:04:14,11,2008,▼4
,,+ - 46:42:13,14.0,16,Team Garmin - Chipotle,1:07:24 1:07:24,11,2008,▼2
,,+ - 46:42:13,17.0,17,Quickstep - Innergetic,1:13:30 1:13:30,11,2008,-
,,+ - 46:42:13,18.0,18,Bouygues Telecom,1:15:24 1:15:24,11,2008,-
,,+ - 46:42:13,19.0,19,Milram,1:19:33 1:19:33,11,2008,-
,,+ - 46:42:13,20.0,20,Agritubel,1:57:56 1:57:56,11,2008,-
,,+ - 50:23:05,1.0,1,CSC ProTeam,151:01:25 151:01:25,12,2008,-
,,+ - 50:23:05,2.0,2,AG2R La Mondiale,4:49 4:49,12,2008,-
,,+ - 50:23:05,4.0,3,Gerolsteiner,15:23 15:23,12,2008,▲1
,,+ - 50:23:05,5.0,4,Rabobank ProTeam,18:46 18:46,12,2008,▲1
,,+ - 50:23:05,6.0,5,Lampre,30:03 30:03,12,2008,▲1
,,+ - 50:23:05,7.0,6,Caisse d'Epargne,32:45 32:45,12,2008,▲1
,,+ - 50:23:05,8.0,7,Euskaltel - Euskadi,35:45 35:45,12,2008,▲1
,,+ - 50:23:05,9.0,8,Crédit Agricole,41:49 41:49,12,2008,▲1
,,+ - 50:23:05,10.0,9,Silence - Lotto,43:06 43:06,12,2008,▲1
,,+ - 50:23:05,11.0,10,Liquigas,44:04 44:04,12,2008,▲1
,,+ - 50:23:05,12.0,11,Team Columbia,47:30 47:30,12,2008,▲1
,,+ - 50:23:05,13.0,12,Française des Jeux,49:17 49:17,12,2008,▲1
,,+ - 50:23:05,14.0,13,"Cofidis, le Crédit par Téléphone",58:34 58:34,12,2008,▲1
,,+ - 50:23:05,15.0,14,Barloworld,1:04:14 1:04:14,12,2008,▲1
,,+ - 50:23:05,16.0,15,Team Garmin - Chipotle,1:07:24 1:07:24,12,2008,▲1
,,+ - 50:23:05,17.0,16,Quickstep - Innergetic,1:13:30 1:13:30,12,2008,▲1
,,+ - 50:23:05,18.0,17,Bouygues Telecom,1:15:24 1:15:24,12,2008,▲1
,,+ - 50:23:05,19.0,18,Milram,1:19:33 1:19:33,12,2008,▲1
,,+ - 50:23:05,20.0,19,Agritubel,1:57:56 1:57:56,12,2008,▲1
,,+ - 54:48:47,1.0,1,CSC ProTeam,164:18:31 164:18:31,13,2008,-
,,+ - 54:48:47,2.0,2,AG2R La Mondiale,4:49 4:49,13,2008,-
,,+ - 54:48:47,3.0,3,Gerolsteiner,15:23 15:23,13,2008,-
,,+ - 54:48:47,4.0,4,Rabobank ProTeam,18:46 18:46,13,2008,-
,,+ - 54:48:47,5.0,5,Lampre,30:03 30:03,13,2008,-
,,+ - 54:48:47,6.0,6,Caisse d'Epargne,32:45 32:45,13,2008,-
,,+ - 54:48:47,7.0,7,Euskaltel - Euskadi,35:45 35:45,13,2008,-
,,+ - 54:48:47,8.0,8,Crédit Agricole,41:49 41:49,13,2008,-
,,+ - 54:48:47,9.0,9,Silence - Lotto,43:06 43:06,13,2008,-
,,+ - 54:48:47,10.0,10,Liquigas,44:15 44:15,13,2008,-
,,+ - 54:48:47,11.0,11,Team Columbia,47:30 47:30,13,2008,-
,,+ - 54:48:47,12.0,12,Française des Jeux,49:32 49:32,13,2008,-
,,+ - 54:48:47,13.0,13,"Cofidis, le Crédit par Téléphone",58:34 58:34,13,2008,-
,,+ - 54:48:47,14.0,14,Barloworld,1:04:29 1:04:29,13,2008,-
,,+ - 54:48:47,15.0,15,Team Garmin - Chipotle,1:07:24 1:07:24,13,2008,-
,,+ - 54:48:47,16.0,16,Quickstep - Innergetic,1:13:41 1:13:41,13,2008,-
,,+ - 54:48:47,17.0,17,Bouygues Telecom,1:15:24 1:15:24,13,2008,-
,,+ - 54:48:47,18.0,18,Milram,1:19:33 1:19:33,13,2008,-
,,+ - 54:48:47,19.0,19,Agritubel,1:57:56 1:57:56,13,2008,-
,,+ - 59:01:55,1.0,1,CSC ProTeam,176:57:55 176:57:55,14,2008,-
,,+ - 59:01:55,2.0,2,AG2R La Mondiale,4:49 4:49,14,2008,-
,,+ - 59:01:55,3.0,3,Gerolsteiner,15:23 15:23,14,2008,-
,,+ - 59:01:55,4.0,4,Rabobank ProTeam,18:46 18:46,14,2008,-
,,+ - 59:01:55,5.0,5,Lampre,30:03 30:03,14,2008,-
,,+ - 59:01:55,6.0,6,Caisse d'Epargne,32:45 32:45,14,2008,-
,,+ - 59:01:55,7.0,7,Euskaltel - Euskadi,35:45 35:45,14,2008,-
,,+ - 59:01:55,8.0,8,Crédit Agricole,41:49 41:49,14,2008,-
,,+ - 59:01:55,9.0,9,Silence - Lotto,43:06 43:06,14,2008,-
,,+ - 59:01:55,10.0,10,Liquigas,44:15 44:15,14,2008,-
,,+ - 59:01:55,11.0,11,Team Columbia,47:30 47:30,14,2008,-
,,+ - 59:01:55,12.0,12,Française des Jeux,49:32 49:32,14,2008,-
,,+ - 59:01:55,13.0,13,"Cofidis, le Crédit par Téléphone",58:34 58:34,14,2008,-
,,+ - 59:01:55,14.0,14,Barloworld,1:07:19 1:07:19,14,2008,-
,,+ - 59:01:55,15.0,15,Team Garmin - Chipotle,",, 1:07:19",14,2008,-
,,+ - 59:01:55,16.0,16,Quickstep - Innergetic,1:13:41 1:13:41,14,2008,-
,,+ - 59:01:55,17.0,17,Bouygues Telecom,1:15:24 1:15:24,14,2008,-
,,+ - 59:01:55,18.0,18,Milram,1:19:33 1:19:33,14,2008,-
,,+ - 59:01:55,19.0,19,Agritubel,1:57:56 1:57:56,14,2008,-
,,+ - 63:57:21,1.0,1,CSC ProTeam,191:43:49 191:43:49,15,2008,-
,,+ - 63:57:21,2.0,2,AG2R La Mondiale,3:32 3:32,15,2008,-
,,+ - 63:57:21,4.0,3,Rabobank ProTeam,28:13 28:13,15,2008,▲1
,,+ - 63:57:21,7.0,4,Euskaltel - Euskadi,33:05 33:05,15,2008,▲3
,,+ - 63:57:21,5.0,5,Lampre,35:39 35:39,15,2008,-
,,+ - 63:57:21,3.0,6,Gerolsteiner,35:50 35:50,15,2008,▼3
,,+ - 63:57:21,8.0,7,Crédit Agricole,42:48 42:48,15,2008,▲1
,,+ - 63:57:21,9.0,8,Silence - Lotto,49:35 49:35,15,2008,▲1
,,+ - 63:57:21,6.0,9,Caisse d'Epargne,51:47 51:47,15,2008,▼3
,,+ - 63:57:21,10.0,10,Liquigas,57:34 57:34,15,2008,-
,,+ - 63:57:21,11.0,11,Team Columbia,58:02 58:02,15,2008,-
,,+ - 63:57:21,13.0,12,"Cofidis, le Crédit par Téléphone",1:08:43 1:08:43,15,2008,▲1
,,+ - 63:57:21,15.0,13,Team Garmin - Chipotle,1:15:04 1:15:04,15,2008,▲2
,,+ - 63:57:21,12.0,14,Française des Jeux,1:18:47 1:18:47,15,2008,▼2
,,+ - 63:57:21,17.0,15,Bouygues Telecom,1:25:32 1:25:32,15,2008,▲2
,,+ - 63:57:21,18.0,16,Milram,1:34:53 1:34:53,15,2008,▲2
,,+ - 63:57:21,14.0,17,Barloworld,1:46:03 1:46:03,15,2008,▼3
,,+ - 63:57:21,16.0,18,Quickstep - Innergetic,1:46:25 1:46:25,15,2008,▼2
,,+ - 63:57:21,19.0,19,Agritubel,2:20:37 2:20:37,15,2008,-
,,+ - 68:30:16,1.0,1,CSC ProTeam,205:22:34 205:22:34,16,2008,-
,,+ - 68:30:16,2.0,2,AG2R La Mondiale,4:02 4:02,16,2008,-
,,+ - 68:30:16,3.0,3,Rabobank ProTeam,43:28 43:28,16,2008,-
,,+ - 68:30:16,5.0,4,Lampre,45:43 45:43,16,2008,▲1
,,+ - 68:30:16,4.0,5,Euskaltel - Euskadi,47:44 47:44,16,2008,▼1
,,+ - 68:30:16,6.0,6,Gerolsteiner,47:54 47:54,16,2008,-
,,+ - 68:30:16,9.0,7,Caisse d'Epargne,49:15 49:15,16,2008,▲2
,,+ - 68:30:16,8.0,8,Silence - Lotto,53:21 53:21,16,2008,-
,,+ - 68:30:16,7.0,9,Crédit Agricole,56:04 56:04,16,2008,▼2
,,+ - 68:30:16,11.0,10,Team Columbia,57:37 57:37,16,2008,▲1
,,+ - 68:30:16,10.0,11,Liquigas,1:09:17 1:09:17,16,2008,▼1
,,+ - 68:30:16,12.0,12,"Cofidis, le Crédit par Téléphone",1:18:28 1:18:28,16,2008,-
,,+ - 68:30:16,15.0,13,Bouygues Telecom,1:37:16 1:37:16,16,2008,▲2
,,+ - 68:30:16,13.0,14,Team Garmin - Chipotle,1:43:30 1:43:30,16,2008,▼1
,,+ - 68:30:16,14.0,15,Française des Jeux,1:43:45 1:43:45,16,2008,▼1
,,+ - 68:30:16,16.0,16,Milram,2:10:27 2:10:27,16,2008,-
,,+ - 68:30:16,17.0,17,Barloworld,2:24:29 2:24:29,16,2008,-
,,+ - 68:30:16,18.0,18,Quickstep - Innergetic,2:36:05 2:36:05,16,2008,-
,,+ - 68:30:16,19.0,19,Agritubel,2:48:02 2:48:02,16,2008,-
,,+ - 74:39:03,1.0,1,CSC ProTeam,223:50:44 223:50:44,17,2008,-
,,+ - 74:39:03,2.0,2,AG2R La Mondiale,9:27 9:27,17,2008,-
,,+ - 74:39:03,3.0,3,Rabobank ProTeam,1:01:06 1:01:06,17,2008,-
,,+ - 74:39:03,5.0,4,Euskaltel - Euskadi,1:11:01 1:11:01,17,2008,▲1
,,+ - 74:39:03,7.0,5,Caisse d'Epargne,1:11:45 1:11:45,17,2008,▲2
,,+ - 74:39:03,8.0,6,Silence - Lotto,1:13:29 1:13:29,17,2008,▲2
,,+ - 74:39:03,4.0,7,Lampre,1:18:05 1:18:05,17,2008,▼3
,,+ - 74:39:03,9.0,8,Crédit Agricole,1:28:33 1:28:33,17,2008,▲1
,,+ - 74:39:03,6.0,9,Gerolsteiner,1:29:03 1:29:03,17,2008,▼3
,,+ - 74:39:03,10.0,10,Team Columbia,1:29:48 1:29:48,17,2008,-
,,+ - 74:39:03,12.0,11,"Cofidis, le Crédit par Téléphone",1:49:07 1:49:07,17,2008,▲1
,,+ - 74:39:03,11.0,12,Liquigas,2:03:33 2:03:33,17,2008,▼1
,,+ - 74:39:03,13.0,13,Bouygues Telecom,2:11:30 2:11:30,17,2008,-
,,+ - 74:39:03,14.0,14,Team Garmin - Chipotle,2:31:36 2:31:36,17,2008,-
,,+ - 74:39:03,15.0,15,Française des Jeux,2:33:51 2:33:51,17,2008,-
,,+ - 74:39:03,16.0,16,Milram,3:04:49 3:04:49,17,2008,-
,,+ - 74:39:03,17.0,17,Barloworld,3:20:30 3:20:30,17,2008,-
,,+ - 74:39:03,18.0,18,Quickstep - Innergetic,3:44:36 3:44:36,17,2008,-
,,+ - 74:39:03,19.0,19,Agritubel,4:05:02 4:05:02,17,2008,-
,,+ - 79:16:14,1.0,1,CSC ProTeam,237:42:06 237:42:06,18,2008,-
,,+ - 79:16:14,2.0,2,AG2R La Mondiale,9:27 9:27,18,2008,-
,,+ - 79:16:14,3.0,3,Rabobank ProTeam,1:01:17 1:01:17,18,2008,-
,,+ - 79:16:14,4.0,4,Euskaltel - Euskadi,1:07:57 1:07:57,18,2008,-
,,+ - 79:16:14,5.0,5,Caisse d'Epargne,1:11:56 1:11:56,18,2008,-
,,+ - 79:16:14,6.0,6,Silence - Lotto,1:13:29 1:13:29,18,2008,-
,,+ - 79:16:14,7.0,7,Lampre,1:18:16 1:18:16,18,2008,-
,,+ - 79:16:14,10.0,8,Team Columbia,1:23:09 1:23:09,18,2008,▲2
,,+ - 79:16:14,8.0,9,Crédit Agricole,1:25:27 1:25:27,18,2008,▼1
,,+ - 79:16:14,9.0,10,Gerolsteiner,1:29:14 1:29:14,18,2008,▼1
,,+ - 79:16:14,11.0,11,"Cofidis, le Crédit par Téléphone",1:49:07 1:49:07,18,2008,-
,,+ - 79:16:14,12.0,12,Liquigas,2:03:33 2:03:33,18,2008,-
,,+ - 79:16:14,13.0,13,Bouygues Telecom,2:11:58 2:11:58,18,2008,-
,,+ - 79:16:14,14.0,14,Team Garmin - Chipotle,2:31:47 2:31:47,18,2008,-
,,+ - 79:16:14,15.0,15,Française des Jeux,2:34:19 2:34:19,18,2008,-
,,+ - 79:16:14,16.0,16,Milram,3:05:00 3:05:00,18,2008,-
,,+ - 79:16:14,17.0,17,Barloworld,3:20:58 3:20:58,18,2008,-
,,+ - 79:16:14,18.0,18,Quickstep - Innergetic,3:37:57 3:37:57,18,2008,-
,,+ - 79:16:14,19.0,19,Agritubel,4:01:56 4:01:56,18,2008,-
,,+ - 82:54:36,1.0,1,CSC ProTeam,248:37:12 248:37:12,19,2008,-
,,+ - 82:54:36,2.0,2,AG2R La Mondiale,9:27 9:27,19,2008,-
,,+ - 82:54:36,3.0,3,Rabobank ProTeam,1:01:17 1:01:17,19,2008,-
,,+ - 82:54:36,4.0,4,Euskaltel - Euskadi,1:07:57 1:07:57,19,2008,-
,,+ - 82:54:36,5.0,5,Caisse d'Epargne,1:11:56 1:11:56,19,2008,-
,,+ - 82:54:36,6.0,6,Silence - Lotto,1:13:29 1:13:29,19,2008,-
,,+ - 82:54:36,7.0,7,Lampre,1:18:16 1:18:16,19,2008,-
,,+ - 82:54:36,8.0,8,Team Columbia,1:23:09 1:23:09,19,2008,-
,,+ - 82:54:36,9.0,9,Crédit Agricole,1:25:27 1:25:27,19,2008,-
,,+ - 82:54:36,10.0,10,Gerolsteiner,1:29:14 1:29:14,19,2008,-
,,+ - 82:54:36,11.0,11,"Cofidis, le Crédit par Téléphone",1:47:54 1:47:54,19,2008,-
,,+ - 82:54:36,12.0,12,Liquigas,2:03:33 2:03:33,19,2008,-
,,+ - 82:54:36,13.0,13,Bouygues Telecom,2:11:58 2:11:58,19,2008,-
,,+ - 82:54:36,14.0,14,Team Garmin - Chipotle,2:31:47 2:31:47,19,2008,-
,,+ - 82:54:36,15.0,15,Française des Jeux,2:33:06 2:33:06,19,2008,-
,,+ - 82:54:36,16.0,16,Milram,3:05:00 3:05:00,19,2008,-
,,+ - 82:54:36,17.0,17,Barloworld,3:22:06 3:22:06,19,2008,-
,,+ - 82:54:36,18.0,18,Quickstep - Innergetic,3:37:57 3:37:57,19,2008,-
,,+ - 82:54:36,19.0,19,Agritubel,4:01:56 4:01:56,19,2008,-
,,+ - 84:01:00,1.0,1,CSC ProTeam,251:54:35 251:54:35,20,2008,-
,,+ - 84:01:00,2.0,2,AG2R La Mondiale,15:49 15:49,20,2008,-
,,+ - 84:01:00,3.0,3,Rabobank ProTeam,1:05:33 1:05:33,20,2008,-
,,+ - 84:01:00,4.0,4,Euskaltel - Euskadi,1:16:40 1:16:40,20,2008,-
,,+ - 84:01:00,6.0,5,Silence - Lotto,1:17:29 1:17:29,20,2008,▲1
,,+ - 84:01:00,5.0,6,Caisse d'Epargne,1:20:42 1:20:42,20,2008,▼1
,,+ - 84:01:00,8.0,7,Team Columbia,1:23:14 1:23:14,20,2008,▲1
,,+ - 84:01:00,7.0,8,Lampre,1:26:24 1:26:24,20,2008,▼1
,,+ - 84:01:00,10.0,9,Gerolsteiner,1:28:01 1:28:01,20,2008,▲1
,,+ - 84:01:00,9.0,10,Crédit Agricole,1:37:23 1:37:23,20,2008,▼1
,,+ - 84:01:00,11.0,11,"Cofidis, le Crédit par Téléphone",1:51:49 1:51:49,20,2008,-
,,+ - 84:01:00,12.0,12,Liquigas,2:13:42 2:13:42,20,2008,-
,,+ - 84:01:00,13.0,13,Bouygues Telecom,2:18:53 2:18:53,20,2008,-
,,+ - 84:01:00,14.0,14,Team Garmin - Chipotle,2:31:12 2:31:12,20,2008,-
,,+ - 84:01:00,15.0,15,Française des Jeux,2:41:14 2:41:14,20,2008,-
,,+ - 84:01:00,16.0,16,Milram,3:13:52 3:13:52,20,2008,-
,,+ - 84:01:00,17.0,17,Barloworld,3:33:16 3:33:16,20,2008,-
,,+ - 84:01:00,18.0,18,Quickstep - Innergetic,3:44:38 3:44:38,20,2008,-
,,+ - 84:01:00,19.0,19,Agritubel,4:16:04 4:16:04,20,2008,-
,,+ - 87:52:52,1.0,1,CSC ProTeam,263:29:57 263:29:57,21,2008,-
,,+ - 87:52:52,2.0,2,AG2R La Mondiale,15:35 15:35,21,2008,-
,,+ - 87:52:52,3.0,3,Rabobank ProTeam,1:05:26 1:05:26,21,2008,-
,,+ - 87:52:52,4.0,4,Euskaltel - Euskadi,1:16:26 1:16:26,21,2008,-
,,+ - 87:52:52,5.0,5,Silence - Lotto,1:17:15 1:17:15,21,2008,-
,,+ - 87:52:52,6.0,6,Caisse d'Epargne,1:20:28 1:20:28,21,2008,-
,,+ - 87:52:52,7.0,7,Team Columbia,1:23:00 1:23:00,21,2008,-
,,+ - 87:52:52,8.0,8,Lampre,1:26:24 1:26:24,21,2008,-
,,+ - 87:52:52,9.0,9,Gerolsteiner,1:27:40 1:27:40,21,2008,-
,,+ - 87:52:52,10.0,10,Crédit Agricole,1:37:16 1:37:16,21,2008,-
,,+ - 87:52:52,11.0,11,"Cofidis, le Crédit par Téléphone",1:51:35 1:51:35,21,2008,-
,,+ - 87:52:52,12.0,12,Liquigas,2:13:21 2:13:21,21,2008,-
,,+ - 87:52:52,13.0,13,Bouygues Telecom,2:19:07 2:19:07,21,2008,-
,,+ - 87:52:52,14.0,14,Team Garmin - Chipotle,2:31:05 2:31:05,21,2008,-
,,+ - 87:52:52,15.0,15,Française des Jeux,2:41:37 2:41:37,21,2008,-
,,+ - 87:52:52,16.0,16,Milram,3:13:24 3:13:24,21,2008,-
,,+ - 87:52:52,17.0,17,Barloworld,3:33:45 3:33:45,21,2008,-
,,+ - 87:52:52,18.0,18,Quickstep - Innergetic,3:44:10 3:44:10,21,2008,-
,,+ - 87:52:52,19.0,19,Agritubel,4:15:57 4:15:57,21,2008,-
