Rnk,Prev,\u25bc\u25b2,BIB,Rider,Age,Team,GC,GC-Time,Time,year,stage
1,2.0,\u25b21,155,Matthews Michael,23,Orica GreenEDGE,1.0,+0:00,5:37:54 5:37:54,2014,2
2,1.0,\u25bc1,152,Durbridge Luke,23,Orica GreenEDGE,2.0,+0:03,0:03 0:03,2014,2
3,3.0,-,149,Vermote Julien,24,Omega Pharma - Quick-Step,12.0,+0:08,0:08 0:08,2014,2
4,4.0,-,53,Eijssen Yannick,24,BMC Racing Team,18.0,+0:12,0:12 0:12,2014,2
5,7.0,\u25b22,205,Poljanski Pawel,24,Tinkoff - Saxo,22.0,+0:26,0:26 0:26,2014,2
6,8.0,\u25b22,203,Majka Rafa\u0142,24,Tinkoff - Saxo,25.0,+0:26,",, 0:26",2014,2
7,6.0,\u25bc1,208,McCarthy Jay,21,Tinkoff - Saxo,26.0,+0:26,",, 0:26",2014,2
8,5.0,\u25bc3,202,Juul-Jensen Christopher,24,Tinkoff - Saxo,29.0,+0:26,",, 0:26",2014,2
9,10.0,\u25b21,195,Henao Sebasti\xe1n,20,Team Sky,34.0,+0:38,0:38 0:38,2014,2
10,9.0,\u25bc1,197,Puccio Salvatore,24,Team Sky,35.0,+0:38,",, 0:38",2014,2
11,11.0,-,3,Aru Fabio,23,Astana Pro Team,39.0,+0:41,0:41 0:41,2014,2
12,12.0,-,7,Landa Mikel,24,Astana Pro Team,44.0,+0:41,",, 0:41",2014,2
13,13.0,-,69,Viviani Elia,25,Cannondale,48.0,+0:53,0:53 0:53,2014,2
14,21.0,\u25b27,216,Nizzolo Giacomo,25,Trek Factory Racing,50.0,+0:56,0:56 0:56,2014,2
15,16.0,\u25b21,66,Moser Moreno,23,Cannondale,51.0,+0:56,",, 0:56",2014,2
16,15.0,\u25bc1,67,Ratto Daniele,24,Cannondale,54.0,+0:56,",, 0:56",2014,2
17,14.0,\u25bc3,63,Koch Michel,22,Cannondale,55.0,+0:56,",, 0:56",2014,2
18,20.0,\u25b22,12,Appollonio Davide,24,AG2R La Mondiale,56.0,+0:58,0:58 0:58,2014,2
19,17.0,\u25bc2,121,Quintana Nairo,24,Movistar Team,57.0,+0:58,",, 0:58",2014,2
20,19.0,\u25bc1,176,Preidler Georg,23,Team Giant - Shimano,62.0,+0:59,0:59 0:59,2014,2
21,18.0,\u25bc3,174,Ludvigsson Tobias,23,Team Giant - Shimano,64.0,+0:59,",, 0:59",2014,2
22,24.0,\u25b22,42,Bol Jetse,24,Belkin-Pro Cycling Team,67.0,+1:01,1:01 1:01,2014,2
23,23.0,-,41,Kelderman Wilco,23,Belkin-Pro Cycling Team,68.0,+1:01,",, 1:01",2014,2
24,22.0,\u25bc2,214,Felline Fabio,24,Trek Factory Racing,77.0,+1:03,1:03 1:03,2014,2
25,27.0,\u25b22,138,Monsalve Yonathan,24,Neri Sottoli,83.0,+1:04,1:04 1:04,2014,2
26,25.0,\u25bc1,44,Goos Marc,23,Belkin-Pro Cycling Team,86.0,+1:04,",, 1:04",2014,2
27,29.0,\u25b22,36,Colbrelli Sonny,23,Bardiani - CSF Pro Team,87.0,+1:07,1:07 1:07,2014,2
28,34.0,\u25b26,38,Ruffoni Nicola,23,Bardiani - CSF Pro Team,88.0,+1:07,",, 1:07",2014,2
29,30.0,\u25b21,34,Bongiorno Francesco Manuel,23,Bardiani - CSF Pro Team,90.0,+1:10,1:10 1:10,2014,2
30,35.0,\u25b25,32,Battaglin Enrico,24,Bardiani - CSF Pro Team,91.0,+1:10,",, 1:10",2014,2
31,33.0,\u25b22,33,Boem Nicola,24,Bardiani - CSF Pro Team,92.0,+1:10,",, 1:10",2014,2
32,31.0,\u25bc1,39,Zardini Edoardo,24,Bardiani - CSF Pro Team,93.0,+1:10,",, 1:10",2014,2
33,32.0,\u25bc1,37,Barbin Enrico,24,Bardiani - CSF Pro Team,95.0,+1:10,",, 1:10",2014,2
34,38.0,\u25b24,81,Bouhanni Nacer,23,FDJ.fr,96.0,+1:12,1:12 1:12,2014,2
35,37.0,\u25b22,28,Rosa Diego,25,Androni Giocattoli - Venezuela,97.0,+1:17,1:17 1:17,2014,2
36,36.0,-,24,Godoy Yonder,21,Androni Giocattoli - Venezuela,99.0,+1:17,",, 1:17",2014,2
37,39.0,\u25b22,86,Le Bon Johan,23,FDJ.fr,107.0,+1:21,1:21 1:21,2014,2
38,42.0,\u25b24,73,Avila Edwin,24,Team Colombia,110.0,+1:23,1:23 1:23,2014,2
39,40.0,\u25b21,109,Ulissi Diego,24,Lampre - Merida,113.0,+1:23,",, 1:23",2014,2
40,41.0,\u25b21,107,Polanc Jan,22,Lampre - Merida,114.0,+1:23,",, 1:23",2014,2
41,44.0,\u25b23,117,Van der Sande Tosh,23,Lotto Belisol,121.0,+1:34,1:34 1:34,2014,2
42,43.0,\u25b21,118,Wellens Tim,23,Lotto Belisol,129.0,+1:37,1:37 1:37,2014,2
43,26.0,\u25bc17,136,Fedi Andrea,22,Neri Sottoli,131.0,+1:40,1:40 1:40,2014,2
44,45.0,\u25b21,68,Villella Davide,22,Cannondale,133.0,+1:45,1:45 1:45,2014,2
45,46.0,\u25b21,103,Cattaneo Mattia,23,Lampre - Merida,147.0,+2:16,2:16 2:16,2014,2
46,28.0,\u25bc18,132,Cecchinel Giorgio,24,Neri Sottoli,149.0,+2:20,2:20 2:20,2014,2
47,48.0,\u25b21,15,Domont Axel,23,AG2R La Mondiale,158.0,+3:14,3:14 3:14,2014,2
48,49.0,\u25b21,98,van Baarle Dylan,21,Garmin Sharp,165.0,+3:29,3:29 3:29,2014,2
49,50.0,\u25b21,212,Alafaci Eugenio,23,Trek Factory Racing,173.0,+4:09,4:09 4:09,2014,2
50,51.0,\u25b21,83,Courteille Arnaud,25,FDJ.fr,178.0,+4:26,4:26 4:26,2014,2
51,53.0,\u25b22,163,Tulik Angelo,23,Team Europcar,183.0,+4:48,4:48 4:48,2014,2
52,52.0,-,78,Romero Jeffry,24,Team Colombia,190.0,+5:35,5:35 5:35,2014,2
53,47.0,\u25bc6,153,Hepburn Michael,22,Orica GreenEDGE,192.0,+5:55,5:55 5:55,2014,2
54,54.0,-,96,Haas Nathan,25,Garmin Sharp,194.0,+6:00,6:00 6:00,2014,2
55,55.0,-,133,Carretero Ramon,23,Neri Sottoli,196.0,+9:44,9:44 9:44,2014,2
1,1.0,-,155,Matthews Michael,23,Orica GreenEDGE,1.0,+0:00,10:06:37 10:06:37,2014,3
2,2.0,-,152,Durbridge Luke,23,Orica GreenEDGE,4.0,+0:14,0:14 0:14,2014,3
3,3.0,-,149,Vermote Julien,24,Omega Pharma - Quick-Step,12.0,+0:19,0:19 0:19,2014,3
4,4.0,-,53,Eijssen Yannick,24,BMC Racing Team,17.0,+0:23,0:23 0:23,2014,3
5,6.0,\u25b21,203,Majka Rafa\u0142,24,Tinkoff - Saxo,19.0,+0:26,0:26 0:26,2014,3
6,5.0,\u25bc1,205,Poljanski Pawel,24,Tinkoff - Saxo,25.0,+0:37,0:37 0:37,2014,3
7,7.0,-,208,McCarthy Jay,21,Tinkoff - Saxo,28.0,+0:37,",, 0:37",2014,3
8,8.0,-,202,Juul-Jensen Christopher,24,Tinkoff - Saxo,31.0,+0:37,",, 0:37",2014,3
9,13.0,\u25b24,69,Viviani Elia,25,Cannondale,35.0,+0:49,0:49 0:49,2014,3
10,9.0,\u25bc1,195,Henao Sebasti\xe1n,20,Team Sky,37.0,+0:49,",, 0:49",2014,3
11,10.0,\u25bc1,197,Puccio Salvatore,24,Team Sky,39.0,+0:49,",, 0:49",2014,3
12,11.0,\u25bc1,3,Aru Fabio,23,Astana Pro Team,41.0,+0:52,0:52 0:52,2014,3
13,12.0,\u25bc1,7,Landa Mikel,24,Astana Pro Team,44.0,+0:52,",, 0:52",2014,3
14,14.0,-,216,Nizzolo Giacomo,25,Trek Factory Racing,46.0,+0:56,0:56 0:56,2014,3
15,18.0,\u25b23,12,Appollonio Davide,24,AG2R La Mondiale,47.0,+0:58,0:58 0:58,2014,3
16,24.0,\u25b28,214,Felline Fabio,24,Trek Factory Racing,51.0,+1:03,1:03 1:03,2014,3
17,28.0,\u25b211,38,Ruffoni Nicola,23,Bardiani - CSF Pro Team,53.0,+1:07,1:07 1:07,2014,3
18,27.0,\u25b29,36,Colbrelli Sonny,23,Bardiani - CSF Pro Team,54.0,+1:07,",, 1:07",2014,3
19,17.0,\u25bc2,63,Koch Michel,22,Cannondale,56.0,+1:07,",, 1:07",2014,3
20,16.0,\u25bc4,67,Ratto Daniele,24,Cannondale,57.0,+1:07,",, 1:07",2014,3
21,15.0,\u25bc6,66,Moser Moreno,23,Cannondale,58.0,+1:07,",, 1:07",2014,3
22,19.0,\u25bc3,121,Quintana Nairo,24,Movistar Team,59.0,+1:09,1:09 1:09,2014,3
23,20.0,\u25bc3,176,Preidler Georg,23,Team Giant - Shimano,64.0,+1:10,1:10 1:10,2014,3
24,21.0,\u25bc3,174,Ludvigsson Tobias,23,Team Giant - Shimano,65.0,+1:10,",, 1:10",2014,3
25,34.0,\u25b29,81,Bouhanni Nacer,23,FDJ.fr,68.0,+1:12,1:12 1:12,2014,3
26,23.0,\u25bc3,41,Kelderman Wilco,23,Belkin-Pro Cycling Team,69.0,+1:12,",, 1:12",2014,3
27,25.0,\u25bc2,138,Monsalve Yonathan,24,Neri Sottoli,81.0,+1:15,1:15 1:15,2014,3
28,30.0,\u25b22,32,Battaglin Enrico,24,Bardiani - CSF Pro Team,86.0,+1:21,1:21 1:21,2014,3
29,31.0,\u25b22,33,Boem Nicola,24,Bardiani - CSF Pro Team,87.0,+1:21,",, 1:21",2014,3
30,29.0,\u25bc1,34,Bongiorno Francesco Manuel,23,Bardiani - CSF Pro Team,88.0,+1:21,",, 1:21",2014,3
31,32.0,\u25b21,39,Zardini Edoardo,24,Bardiani - CSF Pro Team,90.0,+1:21,",, 1:21",2014,3
32,33.0,\u25b21,37,Barbin Enrico,24,Bardiani - CSF Pro Team,91.0,+1:21,",, 1:21",2014,3
33,38.0,\u25b25,73,Avila Edwin,24,Team Colombia,92.0,+1:23,1:23 1:23,2014,3
34,36.0,\u25b22,24,Godoy Yonder,21,Androni Giocattoli - Venezuela,94.0,+1:26,1:26 1:26,2014,3
35,35.0,-,28,Rosa Diego,25,Androni Giocattoli - Venezuela,95.0,+1:28,1:28 1:28,2014,3
36,37.0,\u25b21,86,Le Bon Johan,23,FDJ.fr,104.0,+1:32,1:32 1:32,2014,3
37,39.0,\u25b22,109,Ulissi Diego,24,Lampre - Merida,107.0,+1:34,1:34 1:34,2014,3
38,40.0,\u25b22,107,Polanc Jan,22,Lampre - Merida,108.0,+1:34,",, 1:34",2014,3
39,41.0,\u25b22,117,Van der Sande Tosh,23,Lotto Belisol,115.0,+1:45,1:45 1:45,2014,3
40,42.0,\u25b22,118,Wellens Tim,23,Lotto Belisol,121.0,+1:48,1:48 1:48,2014,3
41,43.0,\u25b22,136,Fedi Andrea,22,Neri Sottoli,126.0,+1:51,1:51 1:51,2014,3
42,44.0,\u25b22,68,Villella Davide,22,Cannondale,128.0,+1:56,1:56 1:56,2014,3
43,45.0,\u25b22,103,Cattaneo Mattia,23,Lampre - Merida,140.0,+2:27,2:27 2:27,2014,3
44,47.0,\u25b23,15,Domont Axel,23,AG2R La Mondiale,151.0,+3:25,3:25 3:25,2014,3
45,48.0,\u25b23,98,van Baarle Dylan,21,Garmin Sharp,158.0,+3:40,3:40 3:40,2014,3
46,49.0,\u25b23,212,Alafaci Eugenio,23,Trek Factory Racing,166.0,+4:20,4:20 4:20,2014,3
47,51.0,\u25b24,163,Tulik Angelo,23,Team Europcar,174.0,+4:59,4:59 4:59,2014,3
48,46.0,\u25bc2,132,Cecchinel Giorgio,24,Neri Sottoli,182.0,+5:42,5:42 5:42,2014,3
49,52.0,\u25b23,78,Romero Jeffry,24,Team Colombia,183.0,+5:46,5:46 5:46,2014,3
50,54.0,\u25b24,96,Haas Nathan,25,Garmin Sharp,186.0,+6:11,6:11 6:11,2014,3
51,50.0,\u25bc1,83,Courteille Arnaud,25,FDJ.fr,188.0,+7:48,7:48 7:48,2014,3
52,22.0,\u25bc30,42,Bol Jetse,24,Belkin-Pro Cycling Team,191.0,+10:39,10:39 10:39,2014,3
53,26.0,\u25bc27,44,Goos Marc,23,Belkin-Pro Cycling Team,192.0,+10:42,10:42 10:42,2014,3
54,53.0,\u25bc1,153,Hepburn Michael,22,Orica GreenEDGE,195.0,+19:34,19:34 19:34,2014,3
55,55.0,-,133,Carretero Ramon,23,Neri Sottoli,196.0,+23:23,23:23 23:23,2014,3
1,1.0,-,155,Matthews Michael,23,Orica GreenEDGE,1.0,+0:00,12:28:43 12:28:43,2014,4
2,2.0,-,152,Durbridge Luke,23,Orica GreenEDGE,6.0,+0:14,0:14 0:14,2014,4
3,3.0,-,149,Vermote Julien,24,Omega Pharma - Quick-Step,10.0,+0:19,0:19 0:19,2014,4
4,4.0,-,53,Eijssen Yannick,24,BMC Racing Team,17.0,+0:23,0:23 0:23,2014,4
5,5.0,-,203,Majka Rafa\u0142,24,Tinkoff - Saxo,19.0,+0:26,0:26 0:26,2014,4
6,6.0,-,205,Poljanski Pawel,24,Tinkoff - Saxo,24.0,+0:37,0:37 0:37,2014,4
7,7.0,-,208,McCarthy Jay,21,Tinkoff - Saxo,28.0,+0:37,",, 0:37",2014,4
8,8.0,-,202,Juul-Jensen Christopher,24,Tinkoff - Saxo,30.0,+0:37,",, 0:37",2014,4
9,9.0,-,69,Viviani Elia,25,Cannondale,34.0,+0:49,0:49 0:49,2014,4
10,10.0,-,195,Henao Sebasti\xe1n,20,Team Sky,35.0,+0:49,",, 0:49",2014,4
11,11.0,-,197,Puccio Salvatore,24,Team Sky,37.0,+0:49,",, 0:49",2014,4
12,12.0,-,3,Aru Fabio,23,Astana Pro Team,40.0,+0:52,0:52 0:52,2014,4
13,13.0,-,7,Landa Mikel,24,Astana Pro Team,43.0,+0:52,",, 0:52",2014,4
14,14.0,-,216,Nizzolo Giacomo,25,Trek Factory Racing,45.0,+0:56,0:56 0:56,2014,4
15,15.0,-,12,Appollonio Davide,24,AG2R La Mondiale,46.0,+0:58,0:58 0:58,2014,4
16,16.0,-,214,Felline Fabio,24,Trek Factory Racing,49.0,+1:03,1:03 1:03,2014,4
17,18.0,\u25b21,36,Colbrelli Sonny,23,Bardiani - CSF Pro Team,52.0,+1:07,1:07 1:07,2014,4
18,17.0,\u25bc1,38,Ruffoni Nicola,23,Bardiani - CSF Pro Team,53.0,+1:07,",, 1:07",2014,4
19,19.0,-,63,Koch Michel,22,Cannondale,55.0,+1:07,",, 1:07",2014,4
20,21.0,\u25b21,66,Moser Moreno,23,Cannondale,56.0,+1:07,",, 1:07",2014,4
21,20.0,\u25bc1,67,Ratto Daniele,24,Cannondale,57.0,+1:07,",, 1:07",2014,4
22,22.0,-,121,Quintana Nairo,24,Movistar Team,58.0,+1:09,1:09 1:09,2014,4
23,23.0,-,176,Preidler Georg,23,Team Giant - Shimano,62.0,+1:10,1:10 1:10,2014,4
24,24.0,-,174,Ludvigsson Tobias,23,Team Giant - Shimano,63.0,+1:10,",, 1:10",2014,4
25,25.0,-,81,Bouhanni Nacer,23,FDJ.fr,66.0,+1:12,1:12 1:12,2014,4
26,26.0,-,41,Kelderman Wilco,23,Belkin-Pro Cycling Team,68.0,+1:12,",, 1:12",2014,4
27,27.0,-,138,Monsalve Yonathan,24,Neri Sottoli,78.0,+1:15,1:15 1:15,2014,4
28,29.0,\u25b21,33,Boem Nicola,24,Bardiani - CSF Pro Team,82.0,+1:21,1:21 1:21,2014,4
29,28.0,\u25bc1,32,Battaglin Enrico,24,Bardiani - CSF Pro Team,85.0,+1:21,",, 1:21",2014,4
30,30.0,-,34,Bongiorno Francesco Manuel,23,Bardiani - CSF Pro Team,86.0,+1:21,",, 1:21",2014,4
31,31.0,-,39,Zardini Edoardo,24,Bardiani - CSF Pro Team,87.0,+1:21,",, 1:21",2014,4
32,32.0,-,37,Barbin Enrico,24,Bardiani - CSF Pro Team,88.0,+1:21,",, 1:21",2014,4
33,33.0,-,73,Avila Edwin,24,Team Colombia,90.0,+1:23,1:23 1:23,2014,4
34,34.0,-,24,Godoy Yonder,21,Androni Giocattoli - Venezuela,91.0,+1:26,1:26 1:26,2014,4
35,35.0,-,28,Rosa Diego,25,Androni Giocattoli - Venezuela,92.0,+1:28,1:28 1:28,2014,4
36,36.0,-,86,Le Bon Johan,23,FDJ.fr,99.0,+1:32,1:32 1:32,2014,4
37,37.0,-,109,Ulissi Diego,24,Lampre - Merida,103.0,+1:34,1:34 1:34,2014,4
38,39.0,\u25b21,117,Van der Sande Tosh,23,Lotto Belisol,112.0,+1:45,1:45 1:45,2014,4
39,40.0,\u25b21,118,Wellens Tim,23,Lotto Belisol,119.0,+1:48,1:48 1:48,2014,4
40,41.0,\u25b21,136,Fedi Andrea,22,Neri Sottoli,123.0,+1:51,1:51 1:51,2014,4
41,42.0,\u25b21,68,Villella Davide,22,Cannondale,125.0,+1:56,1:56 1:56,2014,4
42,38.0,\u25bc4,107,Polanc Jan,22,Lampre - Merida,135.0,+2:05,2:05 2:05,2014,4
43,43.0,-,103,Cattaneo Mattia,23,Lampre - Merida,139.0,+2:27,2:27 2:27,2014,4
44,44.0,-,15,Domont Axel,23,AG2R La Mondiale,150.0,+3:25,3:25 3:25,2014,4
45,45.0,-,98,van Baarle Dylan,21,Garmin Sharp,155.0,+3:40,3:40 3:40,2014,4
46,46.0,-,212,Alafaci Eugenio,23,Trek Factory Racing,165.0,+4:20,4:20 4:20,2014,4
47,47.0,-,163,Tulik Angelo,23,Team Europcar,173.0,+4:59,4:59 4:59,2014,4
48,48.0,-,132,Cecchinel Giorgio,24,Neri Sottoli,181.0,+5:42,5:42 5:42,2014,4
49,49.0,-,78,Romero Jeffry,24,Team Colombia,182.0,+5:46,5:46 5:46,2014,4
50,50.0,-,96,Haas Nathan,25,Garmin Sharp,185.0,+6:11,6:11 6:11,2014,4
51,51.0,-,83,Courteille Arnaud,25,FDJ.fr,187.0,+7:48,7:48 7:48,2014,4
52,52.0,-,42,Bol Jetse,24,Belkin-Pro Cycling Team,190.0,+10:39,10:39 10:39,2014,4
53,53.0,-,44,Goos Marc,23,Belkin-Pro Cycling Team,191.0,+10:42,10:42 10:42,2014,4
54,54.0,-,153,Hepburn Michael,22,Orica GreenEDGE,194.0,+19:34,19:34 19:34,2014,4
55,55.0,-,133,Carretero Ramon,23,Neri Sottoli,195.0,+24:16,24:16 24:16,2014,4
1,1.0,-,155,Matthews Michael,23,Orica GreenEDGE,1.0,+0:00,17:41:23 17:41:23,2014,5
2,5.0,\u25b23,203,Majka Rafa\u0142,24,Tinkoff - Saxo,5.0,+0:26,0:26 0:26,2014,5
3,12.0,\u25b29,3,Aru Fabio,23,Astana Pro Team,10.0,+0:52,0:52 0:52,2014,5
4,22.0,\u25b218,121,Quintana Nairo,24,Movistar Team,14.0,+1:09,1:09 1:09,2014,5
5,23.0,\u25b218,176,Preidler Georg,23,Team Giant - Shimano,15.0,+1:10,1:10 1:10,2014,5
6,26.0,\u25b220,41,Kelderman Wilco,23,Belkin-Pro Cycling Team,17.0,+1:12,1:12 1:12,2014,5
7,37.0,\u25b230,109,Ulissi Diego,24,Lampre - Merida,22.0,+1:23,1:23 1:23,2014,5
8,24.0,\u25b216,174,Ludvigsson Tobias,23,Team Giant - Shimano,28.0,+1:32,1:32 1:32,2014,5
9,6.0,\u25bc3,205,Poljanski Pawel,24,Tinkoff - Saxo,29.0,+1:32,",, 1:32",2014,5
10,10.0,-,195,Henao Sebasti\xe1n,20,Team Sky,38.0,+1:39,1:39 1:39,2014,5
11,17.0,\u25b26,36,Colbrelli Sonny,23,Bardiani - CSF Pro Team,39.0,+1:46,1:46 1:46,2014,5
12,39.0,\u25b227,118,Wellens Tim,23,Lotto Belisol,41.0,+1:48,1:48 1:48,2014,5
13,20.0,\u25b27,66,Moser Moreno,23,Cannondale,55.0,+2:33,2:33 2:33,2014,5
14,35.0,\u25b221,28,Rosa Diego,25,Androni Giocattoli - Venezuela,60.0,+2:46,2:46 2:46,2014,5
15,2.0,\u25bc13,152,Durbridge Luke,23,Orica GreenEDGE,64.0,+3:10,3:10 3:10,2014,5
16,11.0,\u25bc5,197,Puccio Salvatore,24,Team Sky,66.0,+3:11,3:11 3:11,2014,5
17,29.0,\u25b212,32,Battaglin Enrico,24,Bardiani - CSF Pro Team,67.0,+3:17,3:17 3:17,2014,5
18,42.0,\u25b224,107,Polanc Jan,22,Lampre - Merida,70.0,+3:46,3:46 3:46,2014,5
19,30.0,\u25b211,34,Bongiorno Francesco Manuel,23,Bardiani - CSF Pro Team,71.0,+4:01,4:01 4:01,2014,5
20,4.0,\u25bc16,53,Eijssen Yannick,24,BMC Racing Team,73.0,+4:14,4:14 4:14,2014,5
21,31.0,\u25b210,39,Zardini Edoardo,24,Bardiani - CSF Pro Team,77.0,+4:53,4:53 4:53,2014,5
22,41.0,\u25b219,68,Villella Davide,22,Cannondale,82.0,+5:20,5:20 5:20,2014,5
23,16.0,\u25bc7,214,Felline Fabio,24,Trek Factory Racing,84.0,+6:29,6:29 6:29,2014,5
24,13.0,\u25bc11,7,Landa Mikel,24,Astana Pro Team,88.0,+7:03,7:03 7:03,2014,5
25,32.0,\u25b27,37,Barbin Enrico,24,Bardiani - CSF Pro Team,91.0,+7:22,7:22 7:22,2014,5
26,27.0,\u25b21,138,Monsalve Yonathan,24,Neri Sottoli,92.0,+7:26,7:26 7:26,2014,5
27,34.0,\u25b27,24,Godoy Yonder,21,Androni Giocattoli - Venezuela,93.0,+7:27,7:27 7:27,2014,5
28,36.0,\u25b28,86,Le Bon Johan,23,FDJ.fr,99.0,+7:43,7:43 7:43,2014,5
29,43.0,\u25b214,103,Cattaneo Mattia,23,Lampre - Merida,102.0,+8:38,8:38 8:38,2014,5
30,44.0,\u25b214,15,Domont Axel,23,AG2R La Mondiale,104.0,+9:36,9:36 9:36,2014,5
31,19.0,\u25bc12,63,Koch Michel,22,Cannondale,109.0,+10:24,10:24 10:24,2014,5
32,3.0,\u25bc29,149,Vermote Julien,24,Omega Pharma - Quick-Step,115.0,+10:51,10:51 10:51,2014,5
33,47.0,\u25b214,163,Tulik Angelo,23,Team Europcar,116.0,+11:00,11:00 11:00,2014,5
34,49.0,\u25b215,78,Romero Jeffry,24,Team Colombia,121.0,+11:57,11:57 11:57,2014,5
35,38.0,\u25b23,117,Van der Sande Tosh,23,Lotto Belisol,124.0,+12:17,12:17 12:17,2014,5
36,7.0,\u25bc29,208,McCarthy Jay,21,Tinkoff - Saxo,129.0,+12:33,12:33 12:33,2014,5
37,14.0,\u25bc23,216,Nizzolo Giacomo,25,Trek Factory Racing,138.0,+13:44,13:44 13:44,2014,5
38,21.0,\u25bc17,67,Ratto Daniele,24,Cannondale,141.0,+13:55,13:55 13:55,2014,5
39,8.0,\u25bc31,202,Juul-Jensen Christopher,24,Tinkoff - Saxo,152.0,+15:24,15:24 15:24,2014,5
40,9.0,\u25bc31,69,Viviani Elia,25,Cannondale,155.0,+15:34,15:34 15:34,2014,5
41,45.0,\u25b24,98,van Baarle Dylan,21,Garmin Sharp,156.0,+15:36,15:36 15:36,2014,5
42,15.0,\u25bc27,12,Appollonio Davide,24,AG2R La Mondiale,158.0,+15:52,15:52 15:52,2014,5
43,18.0,\u25bc25,38,Ruffoni Nicola,23,Bardiani - CSF Pro Team,159.0,+15:54,15:54 15:54,2014,5
44,25.0,\u25bc19,81,Bouhanni Nacer,23,FDJ.fr,160.0,+15:59,15:59 15:59,2014,5
45,28.0,\u25bc17,33,Boem Nicola,24,Bardiani - CSF Pro Team,162.0,+16:08,16:08 16:08,2014,5
46,33.0,\u25bc13,73,Avila Edwin,24,Team Colombia,163.0,+16:10,16:10 16:10,2014,5
47,46.0,\u25bc1,212,Alafaci Eugenio,23,Trek Factory Racing,167.0,+16:16,16:16 16:16,2014,5
48,40.0,\u25bc8,136,Fedi Andrea,22,Neri Sottoli,170.0,+16:38,16:38 16:38,2014,5
49,53.0,\u25b24,44,Goos Marc,23,Belkin-Pro Cycling Team,175.0,+16:53,16:53 16:53,2014,5
50,48.0,\u25bc2,132,Cecchinel Giorgio,24,Neri Sottoli,186.0,+20:36,20:36 20:36,2014,5
51,50.0,\u25bc1,96,Haas Nathan,25,Garmin Sharp,188.0,+23:41,23:41 23:41,2014,5
52,52.0,-,42,Bol Jetse,24,Belkin-Pro Cycling Team,189.0,+25:26,25:26 25:26,2014,5
53,54.0,\u25b21,153,Hepburn Michael,22,Orica GreenEDGE,194.0,+36:05,36:05 36:05,2014,5
1,1.0,-,155,Matthews Michael,23,Orica GreenEDGE,1.0,+0:00,24:18:14 24:18:14,2014,6
2,2.0,-,203,Majka Rafa\u0142,24,Tinkoff - Saxo,4.0,+1:25,1:25 1:25,2014,6
3,3.0,-,3,Aru Fabio,23,Astana Pro Team,8.0,+1:51,1:51 1:51,2014,6
4,12.0,\u25b28,118,Wellens Tim,23,Lotto Belisol,9.0,+1:52,1:52 1:52,2014,6
5,4.0,\u25bc1,121,Quintana Nairo,24,Movistar Team,11.0,+2:08,2:08 2:08,2014,6
6,6.0,-,41,Kelderman Wilco,23,Belkin-Pro Cycling Team,12.0,+2:11,2:11 2:11,2014,6
7,7.0,-,109,Ulissi Diego,24,Lampre - Merida,15.0,+2:22,2:22 2:22,2014,6
8,8.0,-,174,Ludvigsson Tobias,23,Team Giant - Shimano,21.0,+2:47,2:47 2:47,2014,6
9,5.0,\u25bc4,176,Preidler Georg,23,Team Giant - Shimano,27.0,+3:14,3:14 3:14,2014,6
10,14.0,\u25b24,28,Rosa Diego,25,Androni Giocattoli - Venezuela,34.0,+3:45,3:45 3:45,2014,6
11,19.0,\u25b28,34,Bongiorno Francesco Manuel,23,Bardiani - CSF Pro Team,41.0,+5:00,5:00 5:00,2014,6
12,17.0,\u25b25,32,Battaglin Enrico,24,Bardiani - CSF Pro Team,45.0,+5:24,5:24 5:24,2014,6
13,9.0,\u25bc4,205,Poljanski Pawel,24,Tinkoff - Saxo,49.0,+6:13,6:13 6:13,2014,6
14,10.0,\u25bc4,195,Henao Sebasti\xe1n,20,Team Sky,50.0,+6:15,6:15 6:15,2014,6
15,15.0,-,152,Durbridge Luke,23,Orica GreenEDGE,56.0,+7:49,7:49 7:49,2014,6
16,11.0,\u25bc5,36,Colbrelli Sonny,23,Bardiani - CSF Pro Team,59.0,+9:29,9:29 9:29,2014,6
17,28.0,\u25b211,86,Le Bon Johan,23,FDJ.fr,63.0,+10:50,10:50 10:50,2014,6
18,26.0,\u25b28,138,Monsalve Yonathan,24,Neri Sottoli,65.0,+12:02,12:02 12:02,2014,6
19,30.0,\u25b211,15,Domont Axel,23,AG2R La Mondiale,67.0,+12:43,12:43 12:43,2014,6
20,27.0,\u25b27,24,Godoy Yonder,21,Androni Giocattoli - Venezuela,68.0,+12:52,12:52 12:52,2014,6
21,18.0,\u25bc3,107,Polanc Jan,22,Lampre - Merida,75.0,+15:02,15:02 15:02,2014,6
22,20.0,\u25bc2,53,Eijssen Yannick,24,BMC Racing Team,77.0,+15:30,15:30 15:30,2014,6
23,41.0,\u25b218,98,van Baarle Dylan,21,Garmin Sharp,88.0,+17:12,17:12 17:12,2014,6
24,21.0,\u25bc3,39,Zardini Edoardo,24,Bardiani - CSF Pro Team,89.0,+17:15,17:15 17:15,2014,6
25,13.0,\u25bc12,66,Moser Moreno,23,Cannondale,94.0,+17:51,17:51 17:51,2014,6
26,16.0,\u25bc10,197,Puccio Salvatore,24,Team Sky,98.0,+18:29,18:29 18:29,2014,6
27,32.0,\u25b25,149,Vermote Julien,24,Omega Pharma - Quick-Step,100.0,+18:44,18:44 18:44,2014,6
28,49.0,\u25b221,44,Goos Marc,23,Belkin-Pro Cycling Team,102.0,+19:20,19:20 19:20,2014,6
29,34.0,\u25b25,78,Romero Jeffry,24,Team Colombia,105.0,+19:40,19:40 19:40,2014,6
30,23.0,\u25bc7,214,Felline Fabio,24,Trek Factory Racing,117.0,+21:47,21:47 21:47,2014,6
31,24.0,\u25bc7,7,Landa Mikel,24,Astana Pro Team,120.0,+22:21,22:21 22:21,2014,6
32,29.0,\u25bc3,103,Cattaneo Mattia,23,Lampre - Merida,127.0,+23:56,23:56 23:56,2014,6
33,31.0,\u25bc2,63,Koch Michel,22,Cannondale,134.0,+25:42,25:42 25:42,2014,6
34,42.0,\u25b28,12,Appollonio Davide,24,AG2R La Mondiale,135.0,+25:44,25:44 25:44,2014,6
35,46.0,\u25b211,73,Avila Edwin,24,Team Colombia,136.0,+25:52,25:52 25:52,2014,6
36,33.0,\u25bc3,163,Tulik Angelo,23,Team Europcar,139.0,+26:18,26:18 26:18,2014,6
37,39.0,\u25b22,202,Juul-Jensen Christopher,24,Tinkoff - Saxo,140.0,+26:40,26:40 26:40,2014,6
38,45.0,\u25b27,33,Boem Nicola,24,Bardiani - CSF Pro Team,141.0,+27:24,27:24 27:24,2014,6
39,35.0,\u25bc4,117,Van der Sande Tosh,23,Lotto Belisol,143.0,+27:35,27:35 27:35,2014,6
40,36.0,\u25bc4,208,McCarthy Jay,21,Tinkoff - Saxo,145.0,+27:51,27:51 27:51,2014,6
41,25.0,\u25bc16,37,Barbin Enrico,24,Bardiani - CSF Pro Team,149.0,+28:47,28:47 28:47,2014,6
42,37.0,\u25bc5,216,Nizzolo Giacomo,25,Trek Factory Racing,151.0,+29:02,29:02 29:02,2014,6
43,38.0,\u25bc5,67,Ratto Daniele,24,Cannondale,152.0,+29:13,29:13 29:13,2014,6
44,40.0,\u25bc4,69,Viviani Elia,25,Cannondale,159.0,+30:52,30:52 30:52,2014,6
45,43.0,\u25bc2,38,Ruffoni Nicola,23,Bardiani - CSF Pro Team,160.0,+31:12,31:12 31:12,2014,6
46,44.0,\u25bc2,81,Bouhanni Nacer,23,FDJ.fr,161.0,+31:17,31:17 31:17,2014,6
47,47.0,-,212,Alafaci Eugenio,23,Trek Factory Racing,163.0,+31:34,31:34 31:34,2014,6
48,48.0,-,136,Fedi Andrea,22,Neri Sottoli,165.0,+31:53,31:53 31:53,2014,6
49,51.0,\u25b22,96,Haas Nathan,25,Garmin Sharp,182.0,+38:59,38:59 38:59,2014,6
50,52.0,\u25b22,42,Bol Jetse,24,Belkin-Pro Cycling Team,185.0,+43:44,43:44 43:44,2014,6
51,53.0,\u25b22,153,Hepburn Michael,22,Orica GreenEDGE,187.0,+47:21,47:21 47:21,2014,6
52,,-,83,Courteille Arnaud,25,FDJ.fr,188.0,+49:17,49:17 49:17,2014,6
53,,-,133,Carretero Ramon,23,Neri Sottoli,190.0,+1:04:39,1:04:39 1:04:39,2014,6
1,1.0,-,155,Matthews Michael,23,Orica GreenEDGE,1.0,+0:00,29:34:19 29:34:19,2014,7
2,2.0,-,203,Majka Rafa\u0142,24,Tinkoff - Saxo,4.0,+1:25,1:25 1:25,2014,7
3,3.0,-,3,Aru Fabio,23,Astana Pro Team,8.0,+1:51,1:51 1:51,2014,7
4,4.0,-,118,Wellens Tim,23,Lotto Belisol,9.0,+1:52,1:52 1:52,2014,7
5,5.0,-,121,Quintana Nairo,24,Movistar Team,11.0,+2:08,2:08 2:08,2014,7
6,6.0,-,41,Kelderman Wilco,23,Belkin-Pro Cycling Team,12.0,+2:11,2:11 2:11,2014,7
7,7.0,-,109,Ulissi Diego,24,Lampre - Merida,15.0,+2:22,2:22 2:22,2014,7
8,8.0,-,174,Ludvigsson Tobias,23,Team Giant - Shimano,21.0,+2:47,2:47 2:47,2014,7
9,9.0,-,176,Preidler Georg,23,Team Giant - Shimano,27.0,+3:14,3:14 3:14,2014,7
10,10.0,-,28,Rosa Diego,25,Androni Giocattoli - Venezuela,34.0,+3:45,3:45 3:45,2014,7
11,11.0,-,34,Bongiorno Francesco Manuel,23,Bardiani - CSF Pro Team,41.0,+5:00,5:00 5:00,2014,7
12,12.0,-,32,Battaglin Enrico,24,Bardiani - CSF Pro Team,45.0,+5:24,5:24 5:24,2014,7
13,13.0,-,205,Poljanski Pawel,24,Tinkoff - Saxo,48.0,+6:13,6:13 6:13,2014,7
14,14.0,-,195,Henao Sebasti\xe1n,20,Team Sky,49.0,+6:15,6:15 6:15,2014,7
15,15.0,-,152,Durbridge Luke,23,Orica GreenEDGE,53.0,+7:49,7:49 7:49,2014,7
16,16.0,-,36,Colbrelli Sonny,23,Bardiani - CSF Pro Team,57.0,+9:29,9:29 9:29,2014,7
17,17.0,-,86,Le Bon Johan,23,FDJ.fr,60.0,+10:50,10:50 10:50,2014,7
18,18.0,-,138,Monsalve Yonathan,24,Neri Sottoli,63.0,+12:02,12:02 12:02,2014,7
19,19.0,-,15,Domont Axel,23,AG2R La Mondiale,65.0,+12:43,12:43 12:43,2014,7
20,20.0,-,24,Godoy Yonder,21,Androni Giocattoli - Venezuela,66.0,+12:52,12:52 12:52,2014,7
21,21.0,-,107,Polanc Jan,22,Lampre - Merida,73.0,+15:02,15:02 15:02,2014,7
22,22.0,-,53,Eijssen Yannick,24,BMC Racing Team,75.0,+15:30,15:30 15:30,2014,7
23,23.0,-,98,van Baarle Dylan,21,Garmin Sharp,84.0,+17:12,17:12 17:12,2014,7
24,26.0,\u25b22,197,Puccio Salvatore,24,Team Sky,91.0,+18:29,18:29 18:29,2014,7
25,27.0,\u25b22,149,Vermote Julien,24,Omega Pharma - Quick-Step,93.0,+18:44,18:44 18:44,2014,7
26,28.0,\u25b22,44,Goos Marc,23,Belkin-Pro Cycling Team,96.0,+19:20,19:20 19:20,2014,7
27,30.0,\u25b23,214,Felline Fabio,24,Trek Factory Racing,109.0,+21:47,21:47 21:47,2014,7
28,25.0,\u25bc3,66,Moser Moreno,23,Cannondale,111.0,+22:12,22:12 22:12,2014,7
29,31.0,\u25b22,7,Landa Mikel,24,Astana Pro Team,113.0,+22:21,22:21 22:21,2014,7
30,24.0,\u25bc6,39,Zardini Edoardo,24,Bardiani - CSF Pro Team,115.0,+22:41,22:41 22:41,2014,7
31,32.0,\u25b21,103,Cattaneo Mattia,23,Lampre - Merida,120.0,+23:56,23:56 23:56,2014,7
32,34.0,\u25b22,12,Appollonio Davide,24,AG2R La Mondiale,129.0,+25:44,25:44 25:44,2014,7
33,35.0,\u25b22,73,Avila Edwin,24,Team Colombia,130.0,+25:52,25:52 25:52,2014,7
34,36.0,\u25b22,163,Tulik Angelo,23,Team Europcar,133.0,+26:18,26:18 26:18,2014,7
35,38.0,\u25b23,33,Boem Nicola,24,Bardiani - CSF Pro Team,135.0,+27:22,27:22 27:22,2014,7
36,39.0,\u25b23,117,Van der Sande Tosh,23,Lotto Belisol,137.0,+27:35,27:35 27:35,2014,7
37,40.0,\u25b23,208,McCarthy Jay,21,Tinkoff - Saxo,139.0,+27:51,27:51 27:51,2014,7
38,41.0,\u25b23,37,Barbin Enrico,24,Bardiani - CSF Pro Team,144.0,+28:47,28:47 28:47,2014,7
39,42.0,\u25b23,216,Nizzolo Giacomo,25,Trek Factory Racing,145.0,+28:56,28:56 28:56,2014,7
40,43.0,\u25b23,67,Ratto Daniele,24,Cannondale,146.0,+29:13,29:13 29:13,2014,7
41,37.0,\u25bc4,202,Juul-Jensen Christopher,24,Tinkoff - Saxo,151.0,+30:09,30:09 30:09,2014,7
42,44.0,\u25b22,69,Viviani Elia,25,Cannondale,154.0,+30:52,30:52 30:52,2014,7
43,46.0,\u25b23,81,Bouhanni Nacer,23,FDJ.fr,155.0,+31:07,31:07 31:07,2014,7
44,29.0,\u25bc15,78,Romero Jeffry,24,Team Colombia,161.0,+33:17,33:17 33:17,2014,7
45,47.0,\u25b22,212,Alafaci Eugenio,23,Trek Factory Racing,165.0,+34:31,34:31 34:31,2014,7
46,48.0,\u25b22,136,Fedi Andrea,22,Neri Sottoli,169.0,+35:22,35:22 35:22,2014,7
47,49.0,\u25b22,96,Haas Nathan,25,Garmin Sharp,176.0,+38:58,38:58 38:58,2014,7
48,33.0,\u25bc15,63,Koch Michel,22,Cannondale,177.0,+39:19,39:19 39:19,2014,7
49,45.0,\u25bc4,38,Ruffoni Nicola,23,Bardiani - CSF Pro Team,178.0,+44:49,44:49 44:49,2014,7
50,51.0,\u25b21,153,Hepburn Michael,22,Orica GreenEDGE,180.0,+50:11,50:11 50:11,2014,7
51,52.0,\u25b21,83,Courteille Arnaud,25,FDJ.fr,182.0,+53:43,53:43 53:43,2014,7
52,50.0,\u25bc2,42,Bol Jetse,24,Belkin-Pro Cycling Team,185.0,+57:21,57:21 57:21,2014,7
1,2.0,\u25b21,203,Majka Rafa\u0142,24,Tinkoff - Saxo,3.0,+1:10,34:23:45 34:23:45,2014,8
2,3.0,\u25b21,3,Aru Fabio,23,Astana Pro Team,5.0,+1:39,0:29 0:29,2014,8
3,7.0,\u25b24,109,Ulissi Diego,24,Lampre - Merida,6.0,+1:43,0:33 0:33,2014,8
4,6.0,\u25b22,41,Kelderman Wilco,23,Belkin-Pro Cycling Team,7.0,+1:44,0:34 0:34,2014,8
5,5.0,-,121,Quintana Nairo,24,Movistar Team,8.0,+1:45,0:35 0:35,2014,8
6,10.0,\u25b24,28,Rosa Diego,25,Androni Giocattoli - Venezuela,28.0,+8:06,6:56 6:56,2014,8
7,8.0,\u25b21,174,Ludvigsson Tobias,23,Team Giant - Shimano,34.0,+9:32,8:22 8:22,2014,8
8,9.0,\u25b21,176,Preidler Georg,23,Team Giant - Shimano,35.0,+10:05,8:55 8:55,2014,8
9,13.0,\u25b24,205,Poljanski Pawel,24,Tinkoff - Saxo,43.0,+13:04,11:54 11:54,2014,8
10,20.0,\u25b210,24,Godoy Yonder,21,Androni Giocattoli - Venezuela,48.0,+20:51,19:41 19:41,2014,8
11,21.0,\u25b210,107,Polanc Jan,22,Lampre - Merida,50.0,+22:03,20:53 20:53,2014,8
12,29.0,\u25b217,7,Landa Mikel,24,Astana Pro Team,51.0,+22:20,21:10 21:10,2014,8
13,11.0,\u25bc2,34,Bongiorno Francesco Manuel,23,Bardiani - CSF Pro Team,60.0,+26:23,25:13 25:13,2014,8
14,14.0,-,195,Henao Sebasti\xe1n,20,Team Sky,62.0,+27:38,26:28 26:28,2014,8
15,26.0,\u25b211,44,Goos Marc,23,Belkin-Pro Cycling Team,63.0,+28:00,26:50 26:50,2014,8
16,4.0,\u25bc12,118,Wellens Tim,23,Lotto Belisol,67.0,+30:05,28:55 28:55,2014,8
17,12.0,\u25bc5,32,Battaglin Enrico,24,Bardiani - CSF Pro Team,69.0,+31:56,30:46 30:46,2014,8
18,17.0,\u25bc1,86,Le Bon Johan,23,FDJ.fr,70.0,+32:13,31:03 31:03,2014,8
19,31.0,\u25b212,103,Cattaneo Mattia,23,Lampre - Merida,72.0,+33:06,31:56 31:56,2014,8
20,1.0,\u25bc19,155,Matthews Michael,23,Orica GreenEDGE,74.0,+33:50,32:40 32:40,2014,8
21,19.0,\u25bc2,15,Domont Axel,23,AG2R La Mondiale,75.0,+34:06,32:56 32:56,2014,8
22,16.0,\u25bc6,36,Colbrelli Sonny,24,Bardiani - CSF Pro Team,88.0,+38:32,37:22 37:22,2014,8
23,23.0,-,98,van Baarle Dylan,21,Garmin Sharp,89.0,+38:35,37:25 37:25,2014,8
24,24.0,-,197,Puccio Salvatore,24,Team Sky,93.0,+39:52,38:42 38:42,2014,8
25,18.0,\u25bc7,138,Monsalve Yonathan,24,Neri Sottoli,96.0,+41:05,39:55 39:55,2014,8
26,15.0,\u25bc11,152,Durbridge Luke,23,Orica GreenEDGE,98.0,+41:39,40:29 40:29,2014,8
27,25.0,\u25bc2,149,Vermote Julien,24,Omega Pharma - Quick-Step,102.0,+43:33,42:23 42:23,2014,8
28,27.0,\u25bc1,214,Felline Fabio,24,Trek Factory Racing,114.0,+48:19,47:09 47:09,2014,8
29,28.0,\u25bc1,66,Moser Moreno,23,Cannondale,115.0,+48:44,47:34 47:34,2014,8
30,30.0,-,39,Zardini Edoardo,24,Bardiani - CSF Pro Team,117.0,+49:18,48:08 48:08,2014,8
31,22.0,\u25bc9,53,Eijssen Yannick,24,BMC Racing Team,118.0,+49:20,48:10 48:10,2014,8
32,34.0,\u25b22,163,Tulik Angelo,23,Team Europcar,127.0,+52:50,51:40 51:40,2014,8
33,36.0,\u25b23,117,Van der Sande Tosh,23,Lotto Belisol,130.0,+54:07,52:57 52:57,2014,8
34,33.0,\u25bc1,73,Avila Edwin,24,Team Colombia,140.0,+58:55,57:45 57:45,2014,8
35,32.0,\u25bc3,12,Appollonio Davide,24,AG2R La Mondiale,145.0,+1:00:16,59:06 59:06,2014,8
36,35.0,\u25bc1,33,Boem Nicola,24,Bardiani - CSF Pro Team,147.0,+1:01:12,1:00:02 1:00:02,2014,8
37,37.0,-,208,McCarthy Jay,21,Tinkoff - Saxo,148.0,+1:01:41,1:00:31 1:00:31,2014,8
38,38.0,-,37,Barbin Enrico,24,Bardiani - CSF Pro Team,151.0,+1:02:37,1:01:27 1:01:27,2014,8
39,39.0,-,216,Nizzolo Giacomo,25,Trek Factory Racing,152.0,+1:02:46,1:01:36 1:01:36,2014,8
40,40.0,-,67,Ratto Daniele,24,Cannondale,154.0,+1:03:03,1:01:53 1:01:53,2014,8
41,41.0,-,202,Juul-Jensen Christopher,24,Tinkoff - Saxo,157.0,+1:03:59,1:02:49 1:02:49,2014,8
42,42.0,-,69,Viviani Elia,25,Cannondale,159.0,+1:04:42,1:03:32 1:03:32,2014,8
43,43.0,-,81,Bouhanni Nacer,23,FDJ.fr,161.0,+1:04:57,1:03:47 1:03:47,2014,8
44,44.0,-,78,Romero Jeffry,24,Team Colombia,166.0,+1:07:07,1:05:57 1:05:57,2014,8
45,46.0,\u25b21,136,Fedi Andrea,22,Neri Sottoli,170.0,+1:07:55,1:06:45 1:06:45,2014,8
46,45.0,\u25bc1,212,Alafaci Eugenio,23,Trek Factory Racing,172.0,+1:08:21,1:07:11 1:07:11,2014,8
47,47.0,-,96,Haas Nathan,25,Garmin Sharp,176.0,+1:12:48,1:11:38 1:11:38,2014,8
48,48.0,-,63,Koch Michel,22,Cannondale,177.0,+1:13:09,1:11:59 1:11:59,2014,8
49,49.0,-,38,Ruffoni Nicola,23,Bardiani - CSF Pro Team,179.0,+1:20:04,1:18:54 1:18:54,2014,8
50,50.0,-,153,Hepburn Michael,22,Orica GreenEDGE,181.0,+1:25:11,1:24:01 1:24:01,2014,8
51,51.0,-,83,Courteille Arnaud,25,FDJ.fr,182.0,+1:27:33,1:26:23 1:26:23,2014,8
52,52.0,-,42,Bol Jetse,24,Belkin-Pro Cycling Team,185.0,+1:31:11,1:30:01 1:30:01,2014,8
1,1.0,-,203,Majka Rafa\u0142,24,Tinkoff - Saxo,3.0,+1:10,38:50:44 38:50:44,2014,9
2,2.0,-,3,Aru Fabio,23,Astana Pro Team,6.0,+1:39,0:29 0:29,2014,9
3,3.0,-,109,Ulissi Diego,24,Lampre - Merida,7.0,+1:43,0:33 0:33,2014,9
4,4.0,-,41,Kelderman Wilco,23,Belkin-Pro Cycling Team,8.0,+1:44,0:34 0:34,2014,9
5,5.0,-,121,Quintana Nairo,24,Movistar Team,9.0,+1:45,0:35 0:35,2014,9
6,8.0,\u25b22,176,Preidler Georg,23,Team Giant - Shimano,33.0,+11:43,10:33 10:33,2014,9
7,7.0,-,174,Ludvigsson Tobias,23,Team Giant - Shimano,36.0,+14:09,12:59 12:59,2014,9
8,9.0,\u25b21,205,Poljanski Pawel,24,Tinkoff - Saxo,40.0,+17:41,16:31 16:31,2014,9
9,12.0,\u25b23,7,Landa Mikel,24,Astana Pro Team,44.0,+22:20,21:10 21:10,2014,9
10,11.0,\u25b21,107,Polanc Jan,22,Lampre - Merida,45.0,+23:15,22:05 22:05,2014,9
11,14.0,\u25b23,195,Henao Sebasti\xe1n,20,Team Sky,51.0,+27:38,26:28 26:28,2014,9
12,6.0,\u25bc6,28,Rosa Diego,25,Androni Giocattoli - Venezuela,52.0,+29:27,28:17 28:17,2014,9
13,13.0,-,34,Bongiorno Francesco Manuel,23,Bardiani - CSF Pro Team,59.0,+33:08,31:58 31:58,2014,9
14,15.0,\u25b21,44,Goos Marc,23,Belkin-Pro Cycling Team,61.0,+34:59,33:49 33:49,2014,9
15,17.0,\u25b22,32,Battaglin Enrico,24,Bardiani - CSF Pro Team,66.0,+38:41,37:31 37:31,2014,9
16,18.0,\u25b22,86,Le Bon Johan,23,FDJ.fr,67.0,+39:12,38:02 38:02,2014,9
17,10.0,\u25bc7,24,Godoy Yonder,21,Androni Giocattoli - Venezuela,69.0,+40:39,39:29 39:29,2014,9
18,25.0,\u25b27,138,Monsalve Yonathan,24,Neri Sottoli,70.0,+41:05,39:55 39:55,2014,9
19,24.0,\u25b25,197,Puccio Salvatore,24,Team Sky,71.0,+41:33,40:23 40:23,2014,9
20,21.0,\u25b21,15,Domont Axel,23,AG2R La Mondiale,76.0,+44:47,43:37 43:37,2014,9
21,19.0,\u25bc2,103,Cattaneo Mattia,23,Lampre - Merida,80.0,+47:26,46:16 46:16,2014,9
22,16.0,\u25bc6,118,Wellens Tim,23,Lotto Belisol,86.0,+50:59,49:49 49:49,2014,9
23,27.0,\u25b24,149,Vermote Julien,24,Omega Pharma - Quick-Step,87.0,+51:40,50:30 50:30,2014,9
24,23.0,\u25bc1,98,van Baarle Dylan,21,Garmin Sharp,88.0,+52:55,51:45 51:45,2014,9
25,20.0,\u25bc5,155,Matthews Michael,23,Orica GreenEDGE,93.0,+55:52,54:42 54:42,2014,9
26,28.0,\u25b22,214,Felline Fabio,24,Trek Factory Racing,97.0,+57:13,56:03 56:03,2014,9
27,22.0,\u25bc5,36,Colbrelli Sonny,24,Bardiani - CSF Pro Team,103.0,+58:20,57:10 57:10,2014,9
28,33.0,\u25b25,117,Van der Sande Tosh,23,Lotto Belisol,105.0,+58:42,57:32 57:32,2014,9
29,38.0,\u25b29,37,Barbin Enrico,24,Bardiani - CSF Pro Team,111.0,+1:02:54,1:01:44 1:01:44,2014,9
30,31.0,\u25b21,53,Eijssen Yannick,24,BMC Racing Team,113.0,+1:03:40,1:02:30 1:02:30,2014,9
31,26.0,\u25bc5,152,Durbridge Luke,23,Orica GreenEDGE,114.0,+1:03:41,1:02:31 1:02:31,2014,9
32,29.0,\u25bc3,66,Moser Moreno,23,Cannondale,127.0,+1:10:05,1:08:55 1:08:55,2014,9
33,30.0,\u25bc3,39,Zardini Edoardo,24,Bardiani - CSF Pro Team,128.0,+1:10:39,1:09:29 1:09:29,2014,9
34,32.0,\u25bc2,163,Tulik Angelo,23,Team Europcar,131.0,+1:12:38,1:11:28 1:11:28,2014,9
35,37.0,\u25b22,208,McCarthy Jay,21,Tinkoff - Saxo,132.0,+1:13:27,1:12:17 1:12:17,2014,9
36,35.0,\u25bc1,12,Appollonio Davide,24,AG2R La Mondiale,145.0,+1:21:37,1:20:27 1:20:27,2014,9
37,36.0,\u25bc1,33,Boem Nicola,24,Bardiani - CSF Pro Team,148.0,+1:22:33,1:21:23 1:21:23,2014,9
38,41.0,\u25b23,202,Juul-Jensen Christopher,24,Tinkoff - Saxo,152.0,+1:23:47,1:22:37 1:22:37,2014,9
39,39.0,-,216,Nizzolo Giacomo,25,Trek Factory Racing,153.0,+1:24:07,1:22:57 1:22:57,2014,9
40,40.0,-,67,Ratto Daniele,24,Cannondale,154.0,+1:24:24,1:23:14 1:23:14,2014,9
41,42.0,\u25b21,69,Viviani Elia,25,Cannondale,158.0,+1:26:03,1:24:53 1:24:53,2014,9
42,43.0,\u25b21,81,Bouhanni Nacer,23,FDJ.fr,159.0,+1:26:18,1:25:08 1:25:08,2014,9
43,47.0,\u25b24,96,Haas Nathan,25,Garmin Sharp,161.0,+1:27:08,1:25:58 1:25:58,2014,9
44,34.0,\u25bc10,73,Avila Edwin,24,Team Colombia,,+ - 38:49:34,1:26:13 1:26:13,2014,9
45,44.0,\u25bc1,78,Romero Jeffry,24,Team Colombia,166.0,+1:28:28,1:27:18 1:27:18,2014,9
46,45.0,\u25bc1,136,Fedi Andrea,22,Neri Sottoli,169.0,+1:29:16,1:28:06 1:28:06,2014,9
47,46.0,\u25bc1,212,Alafaci Eugenio,23,Trek Factory Racing,170.0,+1:29:42,1:28:32 1:28:32,2014,9
48,48.0,-,63,Koch Michel,22,Cannondale,174.0,+1:34:30,1:33:20 1:33:20,2014,9
49,49.0,-,38,Ruffoni Nicola,23,Bardiani - CSF Pro Team,176.0,+1:41:25,1:40:15 1:40:15,2014,9
50,50.0,-,153,Hepburn Michael,22,Orica GreenEDGE,178.0,+1:47:13,1:46:03 1:46:03,2014,9
51,51.0,-,83,Courteille Arnaud,25,FDJ.fr,179.0,+1:48:54,1:47:44 1:47:44,2014,9
52,52.0,-,42,Bol Jetse,24,Belkin-Pro Cycling Team,182.0,+1:52:32,1:51:22 1:51:22,2014,9
1,1.0,-,203,Majka Rafa\u0142,24,Tinkoff - Saxo,3.0,+1:10,42:51:57 42:51:57,2014,10
2,2.0,-,3,Aru Fabio,23,Astana Pro Team,6.0,+1:39,0:29 0:29,2014,10
3,3.0,-,109,Ulissi Diego,24,Lampre - Merida,7.0,+1:43,0:33 0:33,2014,10
4,4.0,-,41,Kelderman Wilco,23,Belkin-Pro Cycling Team,8.0,+1:44,0:34 0:34,2014,10
5,5.0,-,121,Quintana Nairo,24,Movistar Team,9.0,+1:45,0:35 0:35,2014,10
6,6.0,-,176,Preidler Georg,23,Team Giant - Shimano,31.0,+11:43,10:33 10:33,2014,10
7,7.0,-,174,Ludvigsson Tobias,23,Team Giant - Shimano,36.0,+14:09,12:59 12:59,2014,10
8,8.0,-,205,Poljanski Pawel,24,Tinkoff - Saxo,40.0,+17:41,16:31 16:31,2014,10
9,10.0,\u25b21,107,Polanc Jan,22,Lampre - Merida,44.0,+23:15,22:05 22:05,2014,10
10,9.0,\u25bc1,7,Landa Mikel,24,Astana Pro Team,48.0,+25:42,24:32 24:32,2014,10
11,11.0,-,195,Henao Sebasti\xe1n,20,Team Sky,50.0,+27:38,26:28 26:28,2014,10
12,12.0,-,28,Rosa Diego,25,Androni Giocattoli - Venezuela,53.0,+32:49,31:39 31:39,2014,10
13,14.0,\u25b21,44,Goos Marc,23,Belkin-Pro Cycling Team,57.0,+34:59,33:49 33:49,2014,10
14,13.0,\u25bc1,34,Bongiorno Francesco Manuel,23,Bardiani - CSF Pro Team,61.0,+37:46,36:36 36:36,2014,10
15,15.0,-,32,Battaglin Enrico,24,Bardiani - CSF Pro Team,65.0,+38:41,37:31 37:31,2014,10
16,18.0,\u25b22,138,Monsalve Yonathan,24,Neri Sottoli,68.0,+41:05,39:55 39:55,2014,10
17,16.0,\u25bc1,86,Le Bon Johan,23,FDJ.fr,69.0,+42:34,41:24 41:24,2014,10
18,17.0,\u25bc1,24,Godoy Yonder,21,Androni Giocattoli - Venezuela,70.0,+44:01,42:51 42:51,2014,10
19,20.0,\u25b21,15,Domont Axel,23,AG2R La Mondiale,72.0,+44:47,43:37 43:37,2014,10
20,19.0,\u25bc1,197,Puccio Salvatore,24,Team Sky,74.0,+46:11,45:01 45:01,2014,10
21,22.0,\u25b21,118,Wellens Tim,23,Lotto Belisol,84.0,+50:59,49:49 49:49,2014,10
22,23.0,\u25b21,149,Vermote Julien,24,Omega Pharma - Quick-Step,85.0,+51:40,50:30 50:30,2014,10
23,21.0,\u25bc2,103,Cattaneo Mattia,23,Lampre - Merida,86.0,+52:04,50:54 50:54,2014,10
24,24.0,-,98,van Baarle Dylan,21,Garmin Sharp,90.0,+55:33,54:23 54:23,2014,10
25,25.0,-,155,Matthews Michael,23,Orica GreenEDGE,91.0,+55:48,54:38 54:38,2014,10
26,26.0,-,214,Felline Fabio,24,Trek Factory Racing,92.0,+57:13,56:03 56:03,2014,10
27,27.0,-,36,Colbrelli Sonny,24,Bardiani - CSF Pro Team,95.0,+58:20,57:10 57:10,2014,10
28,28.0,-,117,Van der Sande Tosh,23,Lotto Belisol,96.0,+58:42,57:32 57:32,2014,10
29,29.0,-,37,Barbin Enrico,24,Bardiani - CSF Pro Team,109.0,+1:02:54,1:01:44 1:01:44,2014,10
30,31.0,\u25b21,152,Durbridge Luke,23,Orica GreenEDGE,122.0,+1:10:39,1:09:29 1:09:29,2014,10
31,34.0,\u25b23,163,Tulik Angelo,23,Team Europcar,125.0,+1:12:38,1:11:28 1:11:28,2014,10
32,35.0,\u25b23,208,McCarthy Jay,21,Tinkoff - Saxo,128.0,+1:13:27,1:12:17 1:12:17,2014,10
33,33.0,-,39,Zardini Edoardo,24,Bardiani - CSF Pro Team,130.0,+1:14:01,1:12:51 1:12:51,2014,10
34,32.0,\u25bc2,66,Moser Moreno,23,Cannondale,132.0,+1:14:43,1:13:33 1:13:33,2014,10
35,36.0,\u25b21,12,Appollonio Davide,24,AG2R La Mondiale,140.0,+1:21:37,1:20:27 1:20:27,2014,10
36,39.0,\u25b23,216,Nizzolo Giacomo,25,Trek Factory Racing,146.0,+1:24:01,1:22:51 1:22:51,2014,10
37,41.0,\u25b24,69,Viviani Elia,25,Cannondale,151.0,+1:26:02,1:24:52 1:24:52,2014,10
38,42.0,\u25b24,81,Bouhanni Nacer,23,FDJ.fr,152.0,+1:26:08,1:24:58 1:24:58,2014,10
39,43.0,\u25b24,96,Haas Nathan,25,Garmin Sharp,155.0,+1:27:08,1:25:58 1:25:58,2014,10
40,40.0,-,67,Ratto Daniele,24,Cannondale,159.0,+1:27:56,1:26:46 1:26:46,2014,10
41,37.0,\u25bc4,33,Boem Nicola,24,Bardiani - CSF Pro Team,160.0,+1:28:26,1:27:16 1:27:16,2014,10
42,38.0,\u25bc4,202,Juul-Jensen Christopher,24,Tinkoff - Saxo,163.0,+1:29:40,1:28:30 1:28:30,2014,10
43,45.0,\u25b22,78,Romero Jeffry,24,Team Colombia,170.0,+1:31:50,1:30:40 1:30:40,2014,10
44,47.0,\u25b23,212,Alafaci Eugenio,23,Trek Factory Racing,171.0,+1:33:04,1:31:54 1:31:54,2014,10
45,46.0,\u25b21,136,Fedi Andrea,22,Neri Sottoli,172.0,+1:37:19,1:36:09 1:36:09,2014,10
46,48.0,\u25b22,63,Koch Michel,22,Cannondale,173.0,+1:39:08,1:37:58 1:37:58,2014,10
47,49.0,\u25b22,38,Ruffoni Nicola,23,Bardiani - CSF Pro Team,174.0,+1:41:25,1:40:15 1:40:15,2014,10
48,50.0,\u25b22,153,Hepburn Michael,22,Orica GreenEDGE,178.0,+1:51:39,1:50:29 1:50:29,2014,10
49,52.0,\u25b23,42,Bol Jetse,24,Belkin-Pro Cycling Team,179.0,+1:55:54,1:54:44 1:54:44,2014,10
50,51.0,\u25b21,83,Courteille Arnaud,25,FDJ.fr,180.0,+1:56:37,1:55:27 1:55:27,2014,10
1,1.0,-,203,Majka Rafa\u0142,24,Tinkoff - Saxo,3.0,+1:10,48:40:14 48:40:14,2014,11
2,2.0,-,3,Aru Fabio,23,Astana Pro Team,6.0,+1:39,0:29 0:29,2014,11
3,4.0,\u25b21,41,Kelderman Wilco,23,Belkin-Pro Cycling Team,7.0,+1:44,0:34 0:34,2014,11
4,5.0,\u25b21,121,Quintana Nairo,24,Movistar Team,8.0,+1:45,0:35 0:35,2014,11
5,3.0,\u25bc2,109,Ulissi Diego,24,Lampre - Merida,21.0,+6:04,4:54 4:54,2014,11
6,6.0,-,176,Preidler Georg,23,Team Giant - Shimano,27.0,+11:43,10:33 10:33,2014,11
7,8.0,\u25b21,205,Poljanski Pawel,24,Tinkoff - Saxo,36.0,+25:13,24:03 24:03,2014,11
8,10.0,\u25b22,7,Landa Mikel,24,Astana Pro Team,37.0,+25:42,24:32 24:32,2014,11
9,9.0,-,107,Polanc Jan,22,Lampre - Merida,39.0,+27:33,26:23 26:23,2014,11
10,11.0,\u25b21,195,Henao Sebasti\xe1n,20,Team Sky,40.0,+27:38,26:28 26:28,2014,11
11,7.0,\u25bc4,174,Ludvigsson Tobias,23,Team Giant - Shimano,45.0,+28:43,27:33 27:33,2014,11
12,15.0,\u25b23,32,Battaglin Enrico,24,Bardiani - CSF Pro Team,51.0,+38:37,37:27 37:27,2014,11
13,13.0,-,44,Goos Marc,23,Belkin-Pro Cycling Team,53.0,+39:06,37:56 37:56,2014,11
14,12.0,\u25bc2,28,Rosa Diego,25,Androni Giocattoli - Venezuela,61.0,+47:23,46:13 46:13,2014,11
15,14.0,\u25bc1,34,Bongiorno Francesco Manuel,23,Bardiani - CSF Pro Team,65.0,+52:20,51:10 51:10,2014,11
16,16.0,-,138,Monsalve Yonathan,24,Neri Sottoli,72.0,+55:39,54:29 54:29,2014,11
17,18.0,\u25b21,24,Godoy Yonder,21,Androni Giocattoli - Venezuela,74.0,+58:35,57:25 57:25,2014,11
18,19.0,\u25b21,15,Domont Axel,23,AG2R La Mondiale,77.0,+59:21,58:11 58:11,2014,11
19,17.0,\u25bc2,86,Le Bon Johan,23,FDJ.fr,79.0,+1:00:38,59:28 59:28,2014,11
20,20.0,-,197,Puccio Salvatore,24,Team Sky,87.0,+1:04:15,1:03:05 1:03:05,2014,11
21,21.0,-,118,Wellens Tim,23,Lotto Belisol,90.0,+1:09:03,1:07:53 1:07:53,2014,11
22,22.0,-,149,Vermote Julien,24,Omega Pharma - Quick-Step,92.0,+1:09:44,1:08:34 1:08:34,2014,11
23,23.0,-,103,Cattaneo Mattia,23,Lampre - Merida,94.0,+1:10:08,1:08:58 1:08:58,2014,11
24,26.0,\u25b22,214,Felline Fabio,24,Trek Factory Racing,95.0,+1:11:47,1:10:37 1:10:37,2014,11
25,27.0,\u25b22,36,Colbrelli Sonny,24,Bardiani - CSF Pro Team,97.0,+1:12:54,1:11:44 1:11:44,2014,11
26,28.0,\u25b22,117,Van der Sande Tosh,23,Lotto Belisol,99.0,+1:13:16,1:12:06 1:12:06,2014,11
27,24.0,\u25bc3,98,van Baarle Dylan,22,Garmin Sharp,100.0,+1:13:37,1:12:27 1:12:27,2014,11
28,34.0,\u25b26,66,Moser Moreno,23,Cannondale,102.0,+1:14:43,1:13:33 1:13:33,2014,11
29,33.0,\u25b24,39,Zardini Edoardo,24,Bardiani - CSF Pro Team,103.0,+1:14:50,1:13:40 1:13:40,2014,11
30,29.0,\u25bc1,37,Barbin Enrico,24,Bardiani - CSF Pro Team,114.0,+1:20:55,1:19:45 1:19:45,2014,11
31,31.0,-,163,Tulik Angelo,23,Team Europcar,122.0,+1:27:12,1:26:02 1:26:02,2014,11
32,32.0,-,208,McCarthy Jay,21,Tinkoff - Saxo,125.0,+1:28:01,1:26:51 1:26:51,2014,11
33,36.0,\u25b23,216,Nizzolo Giacomo,25,Trek Factory Racing,145.0,+1:42:05,1:40:55 1:40:55,2014,11
34,37.0,\u25b23,69,Viviani Elia,25,Cannondale,147.0,+1:44:06,1:42:56 1:42:56,2014,11
35,38.0,\u25b23,81,Bouhanni Nacer,23,FDJ.fr,148.0,+1:44:12,1:43:02 1:43:02,2014,11
36,42.0,\u25b26,202,Juul-Jensen Christopher,24,Tinkoff - Saxo,149.0,+1:44:14,1:43:04 1:43:04,2014,11
37,39.0,\u25b22,96,Haas Nathan,25,Garmin Sharp,152.0,+1:45:12,1:44:02 1:44:02,2014,11
38,40.0,\u25b22,67,Ratto Daniele,24,Cannondale,156.0,+1:46:00,1:44:50 1:44:50,2014,11
39,41.0,\u25b22,33,Boem Nicola,24,Bardiani - CSF Pro Team,157.0,+1:46:30,1:45:20 1:45:20,2014,11
40,43.0,\u25b23,78,Romero Jeffry,24,Team Colombia,166.0,+1:49:54,1:48:44 1:48:44,2014,11
41,44.0,\u25b23,212,Alafaci Eugenio,23,Trek Factory Racing,167.0,+1:51:08,1:49:58 1:49:58,2014,11
42,45.0,\u25b23,136,Fedi Andrea,22,Neri Sottoli,168.0,+1:55:23,1:54:13 1:54:13,2014,11
43,46.0,\u25b23,63,Koch Michel,22,Cannondale,169.0,+1:57:12,1:56:02 1:56:02,2014,11
44,48.0,\u25b24,153,Hepburn Michael,22,Orica GreenEDGE,173.0,+2:09:43,2:08:33 2:08:33,2014,11
45,49.0,\u25b24,42,Bol Jetse,24,Belkin-Pro Cycling Team,174.0,+2:13:58,2:12:48 2:12:48,2014,11
46,50.0,\u25b24,83,Courteille Arnaud,25,FDJ.fr,175.0,+2:14:41,2:13:31 2:13:31,2014,11
1,1.0,-,203,Majka Rafa\u0142,24,Tinkoff - Saxo,3.0,+1:52,49:39:27 49:39:27,2014,12
2,3.0,\u25b21,41,Kelderman Wilco,23,Belkin-Pro Cycling Team,5.0,+2:50,0:58 0:58,2014,12
3,4.0,\u25b21,121,Quintana Nairo,24,Movistar Team,6.0,+3:29,1:37 1:37,2014,12
4,2.0,\u25bc2,3,Aru Fabio,23,Astana Pro Team,7.0,+3:37,1:45 1:45,2014,12
5,5.0,-,109,Ulissi Diego,24,Lampre - Merida,14.0,+6:24,4:32 4:32,2014,12
6,6.0,-,176,Preidler Georg,23,Team Giant - Shimano,27.0,+14:17,12:25 12:25,2014,12
7,7.0,-,205,Poljanski Pawel,24,Tinkoff - Saxo,35.0,+30:03,28:11 28:11,2014,12
8,8.0,-,7,Landa Mikel,24,Astana Pro Team,36.0,+31:25,29:33 29:33,2014,12
9,10.0,\u25b21,195,Henao Sebasti\xe1n,20,Team Sky,38.0,+32:10,30:18 30:18,2014,12
10,9.0,\u25bc1,107,Polanc Jan,22,Lampre - Merida,40.0,+32:34,30:42 30:42,2014,12
11,13.0,\u25b22,44,Goos Marc,23,Belkin-Pro Cycling Team,49.0,+44:12,42:20 42:20,2014,12
12,12.0,-,32,Battaglin Enrico,24,Bardiani - CSF Pro Team,51.0,+44:52,43:00 43:00,2014,12
13,14.0,\u25b21,28,Rosa Diego,25,Androni Giocattoli - Venezuela,58.0,+53:22,51:30 51:30,2014,12
14,15.0,\u25b21,34,Bongiorno Francesco Manuel,23,Bardiani - CSF Pro Team,65.0,+59:03,57:11 57:11,2014,12
15,16.0,\u25b21,138,Monsalve Yonathan,24,Neri Sottoli,72.0,+1:03:50,1:01:58 1:01:58,2014,12
16,19.0,\u25b23,86,Le Bon Johan,23,FDJ.fr,73.0,+1:04:18,1:02:26 1:02:26,2014,12
17,18.0,\u25b21,15,Domont Axel,23,AG2R La Mondiale,75.0,+1:04:50,1:02:58 1:02:58,2014,12
18,17.0,\u25bc1,24,Godoy Yonder,21,Androni Giocattoli - Venezuela,77.0,+1:07:22,1:05:30 1:05:30,2014,12
19,20.0,\u25b21,197,Puccio Salvatore,24,Team Sky,86.0,+1:11:43,1:09:51 1:09:51,2014,12
20,23.0,\u25b23,103,Cattaneo Mattia,23,Lampre - Merida,87.0,+1:12:54,1:11:02 1:11:02,2014,12
21,21.0,-,118,Wellens Tim,23,Lotto Belisol,89.0,+1:15:42,1:13:50 1:13:50,2014,12
22,27.0,\u25b25,98,van Baarle Dylan,22,Garmin Sharp,91.0,+1:16:55,1:15:03 1:15:03,2014,12
23,22.0,\u25bc1,149,Vermote Julien,24,Omega Pharma - Quick-Step,94.0,+1:18:46,1:16:54 1:16:54,2014,12
24,24.0,-,214,Felline Fabio,24,Trek Factory Racing,95.0,+1:19:12,1:17:20 1:17:20,2014,12
25,25.0,-,36,Colbrelli Sonny,24,Bardiani - CSF Pro Team,97.0,+1:19:42,1:17:50 1:17:50,2014,12
26,26.0,-,117,Van der Sande Tosh,23,Lotto Belisol,99.0,+1:20:29,1:18:37 1:18:37,2014,12
27,29.0,\u25b22,39,Zardini Edoardo,24,Bardiani - CSF Pro Team,103.0,+1:21:11,1:19:19 1:19:19,2014,12
28,28.0,-,66,Moser Moreno,23,Cannondale,104.0,+1:21:36,1:19:44 1:19:44,2014,12
29,30.0,\u25b21,37,Barbin Enrico,24,Bardiani - CSF Pro Team,115.0,+1:29:34,1:27:42 1:27:42,2014,12
30,32.0,\u25b22,208,McCarthy Jay,21,Tinkoff - Saxo,120.0,+1:33:10,1:31:18 1:31:18,2014,12
31,31.0,-,163,Tulik Angelo,23,Team Europcar,124.0,+1:34:31,1:32:39 1:32:39,2014,12
32,37.0,\u25b25,96,Haas Nathan,25,Garmin Sharp,145.0,+1:50:01,1:48:09 1:48:09,2014,12
33,36.0,\u25b23,202,Juul-Jensen Christopher,24,Tinkoff - Saxo,147.0,+1:51:14,1:49:22 1:49:22,2014,12
34,33.0,\u25bc1,216,Nizzolo Giacomo,25,Trek Factory Racing,148.0,+1:51:18,1:49:26 1:49:26,2014,12
35,39.0,\u25b24,33,Boem Nicola,24,Bardiani - CSF Pro Team,149.0,+1:51:50,1:49:58 1:49:58,2014,12
36,34.0,\u25bc2,69,Viviani Elia,25,Cannondale,152.0,+1:52:43,1:50:51 1:50:51,2014,12
37,38.0,\u25b21,67,Ratto Daniele,24,Cannondale,155.0,+1:53:30,1:51:38 1:51:38,2014,12
38,35.0,\u25bc3,81,Bouhanni Nacer,23,FDJ.fr,161.0,+1:56:11,1:54:19 1:54:19,2014,12
39,41.0,\u25b22,212,Alafaci Eugenio,23,Trek Factory Racing,163.0,+1:57:11,1:55:19 1:55:19,2014,12
40,40.0,-,78,Romero Jeffry,24,Team Colombia,165.0,+2:01:29,1:59:37 1:59:37,2014,12
41,43.0,\u25b22,63,Koch Michel,22,Cannondale,166.0,+2:01:49,1:59:57 1:59:57,2014,12
42,42.0,-,136,Fedi Andrea,22,Neri Sottoli,167.0,+2:02:26,2:00:34 2:00:34,2014,12
43,44.0,\u25b21,153,Hepburn Michael,22,Orica GreenEDGE,171.0,+2:16:52,2:15:00 2:15:00,2014,12
44,45.0,\u25b21,42,Bol Jetse,24,Belkin-Pro Cycling Team,172.0,+2:21:31,2:19:39 2:19:39,2014,12
45,46.0,\u25b21,83,Courteille Arnaud,25,FDJ.fr,173.0,+2:22:15,2:20:23 2:20:23,2014,12
1,1.0,-,203,Majka Rafa\u0142,24,Tinkoff - Saxo,3.0,+1:52,53:16:58 53:16:58,2014,13
2,2.0,-,41,Kelderman Wilco,23,Belkin-Pro Cycling Team,5.0,+2:50,0:58 0:58,2014,13
3,3.0,-,121,Quintana Nairo,24,Movistar Team,6.0,+3:29,1:37 1:37,2014,13
4,4.0,-,3,Aru Fabio,23,Astana Pro Team,7.0,+3:37,1:45 1:45,2014,13
5,5.0,-,109,Ulissi Diego,24,Lampre - Merida,14.0,+6:24,4:32 4:32,2014,13
6,6.0,-,176,Preidler Georg,23,Team Giant - Shimano,27.0,+14:17,12:25 12:25,2014,13
7,7.0,-,205,Poljanski Pawel,24,Tinkoff - Saxo,35.0,+30:03,28:11 28:11,2014,13
8,9.0,\u25b21,195,Henao Sebasti\xe1n,20,Team Sky,37.0,+32:10,30:18 30:18,2014,13
9,10.0,\u25b21,107,Polanc Jan,22,Lampre - Merida,39.0,+32:34,30:42 30:42,2014,13
10,8.0,\u25bc2,7,Landa Mikel,24,Astana Pro Team,44.0,+37:45,35:53 35:53,2014,13
11,11.0,-,44,Goos Marc,23,Belkin-Pro Cycling Team,49.0,+44:12,42:20 42:20,2014,13
12,12.0,-,32,Battaglin Enrico,24,Bardiani - CSF Pro Team,50.0,+44:52,43:00 43:00,2014,13
13,13.0,-,28,Rosa Diego,25,Androni Giocattoli - Venezuela,60.0,+56:56,55:04 55:04,2014,13
14,14.0,-,34,Bongiorno Francesco Manuel,23,Bardiani - CSF Pro Team,65.0,+1:01:05,59:13 59:13,2014,13
15,15.0,-,138,Monsalve Yonathan,24,Neri Sottoli,70.0,+1:03:50,1:01:58 1:01:58,2014,13
16,17.0,\u25b21,15,Domont Axel,23,AG2R La Mondiale,73.0,+1:04:50,1:02:58 1:02:58,2014,13
17,16.0,\u25bc1,86,Le Bon Johan,23,FDJ.fr,74.0,+1:05:01,1:03:09 1:03:09,2014,13
18,18.0,-,24,Godoy Yonder,21,Androni Giocattoli - Venezuela,77.0,+1:08:40,1:06:48 1:06:48,2014,13
19,19.0,-,197,Puccio Salvatore,24,Team Sky,85.0,+1:12:48,1:10:56 1:10:56,2014,13
20,20.0,-,103,Cattaneo Mattia,23,Lampre - Merida,87.0,+1:14:56,1:13:04 1:13:04,2014,13
21,21.0,-,118,Wellens Tim,23,Lotto Belisol,89.0,+1:15:42,1:13:50 1:13:50,2014,13
22,22.0,-,98,van Baarle Dylan,22,Garmin Sharp,91.0,+1:18:13,1:16:21 1:16:21,2014,13
23,23.0,-,149,Vermote Julien,24,Omega Pharma - Quick-Step,92.0,+1:19:13,1:17:21 1:17:21,2014,13
24,25.0,\u25b21,36,Colbrelli Sonny,24,Bardiani - CSF Pro Team,94.0,+1:19:42,1:17:50 1:17:50,2014,13
25,24.0,\u25bc1,214,Felline Fabio,24,Trek Factory Racing,95.0,+1:20:13,1:18:21 1:18:21,2014,13
26,26.0,-,117,Van der Sande Tosh,23,Lotto Belisol,96.0,+1:20:29,1:18:37 1:18:37,2014,13
27,27.0,-,39,Zardini Edoardo,24,Bardiani - CSF Pro Team,102.0,+1:22:48,1:20:56 1:20:56,2014,13
28,28.0,-,66,Moser Moreno,23,Cannondale,110.0,+1:28:02,1:26:10 1:26:10,2014,13
29,30.0,\u25b21,208,McCarthy Jay,21,Tinkoff - Saxo,118.0,+1:33:10,1:31:18 1:31:18,2014,13
30,31.0,\u25b21,163,Tulik Angelo,23,Team Europcar,122.0,+1:34:15,1:32:23 1:32:23,2014,13
31,29.0,\u25bc2,37,Barbin Enrico,24,Bardiani - CSF Pro Team,126.0,+1:35:54,1:34:02 1:34:02,2014,13
32,34.0,\u25b22,216,Nizzolo Giacomo,25,Trek Factory Racing,146.0,+1:51:18,1:49:26 1:49:26,2014,13
33,32.0,\u25bc1,96,Haas Nathan,25,Garmin Sharp,147.0,+1:51:19,1:49:27 1:49:27,2014,13
34,36.0,\u25b22,69,Viviani Elia,25,Cannondale,150.0,+1:52:43,1:50:51 1:50:51,2014,13
35,35.0,-,33,Boem Nicola,24,Bardiani - CSF Pro Team,153.0,+1:53:17,1:51:25 1:51:25,2014,13
36,33.0,\u25bc3,202,Juul-Jensen Christopher,24,Tinkoff - Saxo,154.0,+1:53:37,1:51:45 1:51:45,2014,13
37,37.0,-,67,Ratto Daniele,24,Cannondale,155.0,+1:53:50,1:51:58 1:51:58,2014,13
38,38.0,-,81,Bouhanni Nacer,23,FDJ.fr,159.0,+1:56:11,1:54:19 1:54:19,2014,13
39,39.0,-,212,Alafaci Eugenio,23,Trek Factory Racing,161.0,+1:59:22,1:57:30 1:57:30,2014,13
40,40.0,-,78,Romero Jeffry,24,Team Colombia,165.0,+2:01:56,2:00:04 2:00:04,2014,13
41,42.0,\u25b21,136,Fedi Andrea,22,Neri Sottoli,166.0,+2:02:26,2:00:34 2:00:34,2014,13
42,41.0,\u25bc1,63,Koch Michel,22,Cannondale,167.0,+2:03:51,2:01:59 2:01:59,2014,13
43,43.0,-,153,Hepburn Michael,22,Orica GreenEDGE,171.0,+2:18:17,2:16:25 2:16:25,2014,13
44,45.0,\u25b21,83,Courteille Arnaud,25,FDJ.fr,173.0,+2:27:22,2:25:30 2:25:30,2014,13
45,44.0,\u25bc1,42,Bol Jetse,24,Belkin-Pro Cycling Team,174.0,+2:28:00,2:26:08 2:26:08,2014,13
1,1.0,-,203,Majka Rafa\u0142,24,Tinkoff - Saxo,3.0,+1:35,57:54:26 57:54:26,2014,14
2,2.0,-,41,Kelderman Wilco,23,Belkin-Pro Cycling Team,5.0,+2:33,0:58 0:58,2014,14
3,3.0,-,121,Quintana Nairo,24,Movistar Team,6.0,+3:04,1:29 1:29,2014,14
4,4.0,-,3,Aru Fabio,23,Astana Pro Team,7.0,+3:16,1:41 1:41,2014,14
5,5.0,-,109,Ulissi Diego,24,Lampre - Merida,14.0,+7:21,5:46 5:46,2014,14
6,6.0,-,176,Preidler Georg,23,Team Giant - Shimano,26.0,+17:51,16:16 16:16,2014,14
7,9.0,\u25b22,107,Polanc Jan,22,Lampre - Merida,31.0,+29:47,28:12 28:12,2014,14
8,8.0,-,195,Henao Sebasti\xe1n,20,Team Sky,36.0,+34:00,32:25 32:25,2014,14
9,10.0,\u25b21,7,Landa Mikel,24,Astana Pro Team,39.0,+38:17,36:42 36:42,2014,14
10,7.0,\u25bc3,205,Poljanski Pawel,24,Tinkoff - Saxo,41.0,+40:10,38:35 38:35,2014,14
11,12.0,\u25b21,32,Battaglin Enrico,24,Bardiani - CSF Pro Team,42.0,+41:36,40:01 40:01,2014,14
12,11.0,\u25bc1,44,Goos Marc,23,Belkin-Pro Cycling Team,46.0,+47:46,46:11 46:11,2014,14
13,15.0,\u25b22,138,Monsalve Yonathan,24,Neri Sottoli,57.0,+1:02:32,1:00:57 1:00:57,2014,14
14,16.0,\u25b22,15,Domont Axel,23,AG2R La Mondiale,60.0,+1:04:50,1:03:15 1:03:15,2014,14
15,14.0,\u25bc1,34,Bongiorno Francesco Manuel,23,Bardiani - CSF Pro Team,64.0,+1:06:25,1:04:50 1:04:50,2014,14
16,20.0,\u25b24,103,Cattaneo Mattia,23,Lampre - Merida,69.0,+1:12:25,1:10:50 1:10:50,2014,14
17,13.0,\u25bc4,28,Rosa Diego,25,Androni Giocattoli - Venezuela,71.0,+1:13:16,1:11:41 1:11:41,2014,14
18,21.0,\u25b23,118,Wellens Tim,23,Lotto Belisol,72.0,+1:13:17,1:11:42 1:11:42,2014,14
19,23.0,\u25b24,149,Vermote Julien,24,Omega Pharma - Quick-Step,79.0,+1:20:14,1:18:39 1:18:39,2014,14
20,18.0,\u25bc2,24,Godoy Yonder,21,Androni Giocattoli - Venezuela,85.0,+1:25:06,1:23:31 1:23:31,2014,14
21,17.0,\u25bc4,86,Le Bon Johan,23,FDJ.fr,87.0,+1:26:10,1:24:35 1:24:35,2014,14
22,19.0,\u25bc3,197,Puccio Salvatore,24,Team Sky,91.0,+1:29:08,1:27:33 1:27:33,2014,14
23,27.0,\u25b24,39,Zardini Edoardo,24,Bardiani - CSF Pro Team,93.0,+1:32:55,1:31:20 1:31:20,2014,14
24,22.0,\u25bc2,98,van Baarle Dylan,22,Garmin Sharp,97.0,+1:37:45,1:36:10 1:36:10,2014,14
25,24.0,\u25bc1,36,Colbrelli Sonny,24,Bardiani - CSF Pro Team,101.0,+1:38:41,1:37:06 1:37:06,2014,14
26,26.0,-,117,Van der Sande Tosh,23,Lotto Belisol,102.0,+1:39:23,1:37:48 1:37:48,2014,14
27,25.0,\u25bc2,214,Felline Fabio,24,Trek Factory Racing,111.0,+1:49:13,1:47:38 1:47:38,2014,14
28,29.0,\u25b21,208,McCarthy Jay,21,Tinkoff - Saxo,112.0,+1:49:30,1:47:55 1:47:55,2014,14
29,28.0,\u25bc1,66,Moser Moreno,23,Cannondale,116.0,+1:52:15,1:50:40 1:50:40,2014,14
30,33.0,\u25b23,96,Haas Nathan,25,Garmin Sharp,123.0,+1:57:36,1:56:01 1:56:01,2014,14
31,30.0,\u25bc1,163,Tulik Angelo,23,Team Europcar,126.0,+1:58:28,1:56:53 1:56:53,2014,14
32,31.0,\u25bc1,37,Barbin Enrico,24,Bardiani - CSF Pro Team,129.0,+2:00:07,1:58:32 1:58:32,2014,14
33,35.0,\u25b22,33,Boem Nicola,24,Bardiani - CSF Pro Team,136.0,+2:09:48,2:08:13 2:08:13,2014,14
34,36.0,\u25b22,202,Juul-Jensen Christopher,24,Tinkoff - Saxo,137.0,+2:09:57,2:08:22 2:08:22,2014,14
35,37.0,\u25b22,67,Ratto Daniele,24,Cannondale,140.0,+2:10:25,2:08:50 2:08:50,2014,14
36,32.0,\u25bc4,216,Nizzolo Giacomo,25,Trek Factory Racing,145.0,+2:16:28,2:14:53 2:14:53,2014,14
37,38.0,\u25b21,81,Bouhanni Nacer,23,FDJ.fr,148.0,+2:17:20,2:15:45 2:15:45,2014,14
38,34.0,\u25bc4,69,Viviani Elia,25,Cannondale,153.0,+2:21:43,2:20:08 2:20:08,2014,14
39,41.0,\u25b22,136,Fedi Andrea,22,Neri Sottoli,159.0,+2:26:39,2:25:04 2:25:04,2014,14
40,39.0,\u25bc1,212,Alafaci Eugenio,23,Trek Factory Racing,160.0,+2:28:22,2:26:47 2:26:47,2014,14
41,40.0,\u25bc1,78,Romero Jeffry,24,Team Colombia,162.0,+2:30:56,2:29:21 2:29:21,2014,14
42,42.0,-,63,Koch Michel,22,Cannondale,163.0,+2:32:51,2:31:16 2:31:16,2014,14
43,43.0,-,153,Hepburn Michael,22,Orica GreenEDGE,167.0,+2:47:17,2:45:42 2:45:42,2014,14
44,44.0,-,83,Courteille Arnaud,25,FDJ.fr,169.0,+2:56:22,2:54:47 2:54:47,2014,14
45,45.0,-,42,Bol Jetse,24,Belkin-Pro Cycling Team,170.0,+2:57:00,2:55:25 2:55:25,2014,14
1,1.0,-,203,Majka Rafa\u0142,24,Tinkoff - Saxo,3.0,+1:50,63:28:29 63:28:29,2014,15
2,4.0,\u25b22,3,Aru Fabio,23,Astana Pro Team,4.0,+2:24,0:34 0:34,2014,15
3,3.0,-,121,Quintana Nairo,24,Movistar Team,5.0,+2:40,0:50 0:50,2014,15
4,2.0,\u25bc2,41,Kelderman Wilco,23,Belkin-Pro Cycling Team,7.0,+3:04,1:14 1:14,2014,15
5,5.0,-,109,Ulissi Diego,24,Lampre - Merida,26.0,+26:19,24:29 24:29,2014,15
6,6.0,-,176,Preidler Georg,23,Team Giant - Shimano,27.0,+28:14,26:24 26:24,2014,15
7,8.0,\u25b21,195,Henao Sebasti\xe1n,20,Team Sky,31.0,+43:14,41:24 41:24,2014,15
8,7.0,\u25bc1,107,Polanc Jan,22,Lampre - Merida,35.0,+48:22,46:32 46:32,2014,15
9,9.0,-,7,Landa Mikel,24,Astana Pro Team,38.0,+49:50,48:00 48:00,2014,15
10,12.0,\u25b22,44,Goos Marc,23,Belkin-Pro Cycling Team,42.0,+53:59,52:09 52:09,2014,15
11,10.0,\u25bc1,205,Poljanski Pawel,24,Tinkoff - Saxo,46.0,+58:45,56:55 56:55,2014,15
12,11.0,\u25bc1,32,Battaglin Enrico,24,Bardiani - CSF Pro Team,48.0,+1:00:11,58:21 58:21,2014,15
13,13.0,-,138,Monsalve Yonathan,24,Neri Sottoli,60.0,+1:21:07,1:19:17 1:19:17,2014,15
14,14.0,-,15,Domont Axel,23,AG2R La Mondiale,64.0,+1:23:25,1:21:35 1:21:35,2014,15
15,15.0,-,34,Bongiorno Francesco Manuel,23,Bardiani - CSF Pro Team,66.0,+1:25:00,1:23:10 1:23:10,2014,15
16,16.0,-,103,Cattaneo Mattia,23,Lampre - Merida,72.0,+1:31:00,1:29:10 1:29:10,2014,15
17,23.0,\u25b26,39,Zardini Edoardo,24,Bardiani - CSF Pro Team,78.0,+1:38:11,1:36:21 1:36:21,2014,15
18,18.0,-,118,Wellens Tim,23,Lotto Belisol,81.0,+1:40:16,1:38:26 1:38:26,2014,15
19,17.0,\u25bc2,28,Rosa Diego,25,Androni Giocattoli - Venezuela,84.0,+1:42:16,1:40:26 1:40:26,2014,15
20,20.0,-,24,Godoy Yonder,21,Androni Giocattoli - Venezuela,86.0,+1:43:41,1:41:51 1:41:51,2014,15
21,19.0,\u25bc2,149,Vermote Julien,24,Omega Pharma - Quick-Step,92.0,+1:49:30,1:47:40 1:47:40,2014,15
22,21.0,\u25bc1,86,Le Bon Johan,23,FDJ.fr,93.0,+1:49:58,1:48:08 1:48:08,2014,15
23,22.0,\u25bc1,197,Puccio Salvatore,24,Team Sky,98.0,+1:56:53,1:55:03 1:55:03,2014,15
24,25.0,\u25b21,36,Colbrelli Sonny,24,Bardiani - CSF Pro Team,99.0,+1:57:16,1:55:26 1:55:26,2014,15
25,26.0,\u25b21,117,Van der Sande Tosh,23,Lotto Belisol,100.0,+1:57:58,1:56:08 1:56:08,2014,15
26,27.0,\u25b21,214,Felline Fabio,24,Trek Factory Racing,103.0,+2:04:28,2:02:38 2:02:38,2014,15
27,28.0,\u25b21,208,McCarthy Jay,21,Tinkoff - Saxo,106.0,+2:08:05,2:06:15 2:06:15,2014,15
28,32.0,\u25b24,37,Barbin Enrico,24,Bardiani - CSF Pro Team,117.0,+2:18:02,2:16:12 2:16:12,2014,15
29,30.0,\u25b21,96,Haas Nathan,25,Garmin Sharp,119.0,+2:18:34,2:16:44 2:16:44,2014,15
30,29.0,\u25bc1,66,Moser Moreno,23,Cannondale,123.0,+2:21:31,2:19:41 2:19:41,2014,15
31,31.0,-,163,Tulik Angelo,23,Team Europcar,126.0,+2:26:13,2:24:23 2:24:23,2014,15
32,35.0,\u25b23,67,Ratto Daniele,24,Cannondale,132.0,+2:28:19,2:26:29 2:26:29,2014,15
33,34.0,\u25b21,202,Juul-Jensen Christopher,24,Tinkoff - Saxo,133.0,+2:28:32,2:26:42 2:26:42,2014,15
34,33.0,\u25bc1,33,Boem Nicola,24,Bardiani - CSF Pro Team,137.0,+2:39:04,2:37:14 2:37:14,2014,15
35,37.0,\u25b22,81,Bouhanni Nacer,23,FDJ.fr,146.0,+2:46:31,2:44:41 2:44:41,2014,15
36,36.0,-,216,Nizzolo Giacomo,25,Trek Factory Racing,148.0,+2:46:56,2:45:06 2:45:06,2014,15
37,41.0,\u25b24,78,Romero Jeffry,24,Team Colombia,150.0,+2:49:31,2:47:41 2:47:41,2014,15
38,38.0,-,69,Viviani Elia,25,Cannondale,153.0,+2:50:59,2:49:09 2:49:09,2014,15
39,39.0,-,136,Fedi Andrea,22,Neri Sottoli,159.0,+2:57:07,2:55:17 2:55:17,2014,15
40,40.0,-,212,Alafaci Eugenio,23,Trek Factory Racing,160.0,+2:58:50,2:57:00 2:57:00,2014,15
41,42.0,\u25b21,63,Koch Michel,22,Cannondale,161.0,+3:03:19,3:01:29 3:01:29,2014,15
42,43.0,\u25b21,153,Hepburn Michael,22,Orica GreenEDGE,165.0,+3:15:42,3:13:52 3:13:52,2014,15
43,44.0,\u25b21,83,Courteille Arnaud,25,FDJ.fr,167.0,+3:25:38,3:23:48 3:23:48,2014,15
44,45.0,\u25b21,42,Bol Jetse,24,Belkin-Pro Cycling Team,168.0,+3:26:16,3:24:26 3:24:26,2014,15
1,3.0,\u25b22,121,Quintana Nairo,24,Movistar Team,1.0,+0:00,68:11:44 68:11:44,2014,16
2,1.0,\u25bc1,203,Majka Rafa\u0142,24,Tinkoff - Saxo,5.0,+3:28,3:28 3:28,2014,16
3,2.0,\u25bc1,3,Aru Fabio,23,Astana Pro Team,6.0,+3:34,3:34 3:34,2014,16
4,4.0,-,41,Kelderman Wilco,23,Belkin-Pro Cycling Team,8.0,+4:06,4:06 4:06,2014,16
5,7.0,\u25b22,195,Henao Sebasti\xe1n,20,Team Sky,22.0,+44:55,44:55 44:55,2014,16
6,6.0,-,176,Preidler Georg,23,Team Giant - Shimano,29.0,+57:19,57:19 57:19,2014,16
7,9.0,\u25b22,7,Landa Mikel,24,Astana Pro Team,30.0,+1:01:28,1:01:28 1:01:28,2014,16
8,5.0,\u25bc3,109,Ulissi Diego,24,Lampre - Merida,34.0,+1:07:56,1:07:56 1:07:56,2014,16
9,10.0,\u25b21,44,Goos Marc,23,Belkin-Pro Cycling Team,37.0,+1:14:19,1:14:19 1:14:19,2014,16
10,8.0,\u25bc2,107,Polanc Jan,22,Lampre - Merida,38.0,+1:19:36,1:19:36 1:19:36,2014,16
11,11.0,-,205,Poljanski Pawel,24,Tinkoff - Saxo,51.0,+1:40:22,1:40:22 1:40:22,2014,16
12,12.0,-,32,Battaglin Enrico,24,Bardiani - CSF Pro Team,52.0,+1:41:48,1:41:48 1:41:48,2014,16
13,13.0,-,138,Monsalve Yonathan,24,Neri Sottoli,60.0,+1:58:10,1:58:10 1:58:10,2014,16
14,16.0,\u25b22,103,Cattaneo Mattia,23,Lampre - Merida,62.0,+2:00:05,2:00:05 2:00:05,2014,16
15,14.0,\u25bc1,15,Domont Axel,23,AG2R La Mondiale,63.0,+2:00:28,2:00:28 2:00:28,2014,16
16,15.0,\u25bc1,34,Bongiorno Francesco Manuel,23,Bardiani - CSF Pro Team,68.0,+2:06:37,2:06:37 2:06:37,2014,16
17,17.0,-,39,Zardini Edoardo,24,Bardiani - CSF Pro Team,69.0,+2:07:16,2:07:16 2:07:16,2014,16
18,19.0,\u25b21,28,Rosa Diego,25,Androni Giocattoli - Venezuela,73.0,+2:11:21,2:11:21 2:11:21,2014,16
19,20.0,\u25b21,24,Godoy Yonder,21,Androni Giocattoli - Venezuela,82.0,+2:16:34,2:16:34 2:16:34,2014,16
20,18.0,\u25bc2,118,Wellens Tim,23,Lotto Belisol,86.0,+2:21:53,2:21:53 2:21:53,2014,16
21,22.0,\u25b21,86,Le Bon Johan,23,FDJ.fr,91.0,+2:27:01,2:27:01 2:27:01,2014,16
22,21.0,\u25bc1,149,Vermote Julien,24,Omega Pharma - Quick-Step,93.0,+2:31:07,2:31:07 2:31:07,2014,16
23,24.0,\u25b21,36,Colbrelli Sonny,24,Bardiani - CSF Pro Team,95.0,+2:34:19,2:34:19 2:34:19,2014,16
24,25.0,\u25b21,117,Van der Sande Tosh,23,Lotto Belisol,97.0,+2:35:01,2:35:01 2:35:01,2014,16
25,23.0,\u25bc2,197,Puccio Salvatore,24,Team Sky,98.0,+2:38:30,2:38:30 2:38:30,2014,16
26,26.0,-,214,Felline Fabio,24,Trek Factory Racing,101.0,+2:41:31,2:41:31 2:41:31,2014,16
27,27.0,-,208,McCarthy Jay,21,Tinkoff - Saxo,106.0,+2:49:42,2:49:42 2:49:42,2014,16
28,29.0,\u25b21,96,Haas Nathan,25,Garmin Sharp,113.0,+2:55:37,2:55:37 2:55:37,2014,16
29,33.0,\u25b24,202,Juul-Jensen Christopher,24,Tinkoff - Saxo,115.0,+2:57:37,2:57:37 2:57:37,2014,16
30,28.0,\u25bc2,37,Barbin Enrico,24,Bardiani - CSF Pro Team,118.0,+2:59:39,2:59:39 2:59:39,2014,16
31,30.0,\u25bc1,66,Moser Moreno,23,Cannondale,121.0,+3:03:08,3:03:08 3:03:08,2014,16
32,31.0,\u25bc1,163,Tulik Angelo,23,Team Europcar,123.0,+3:03:16,3:03:16 3:03:16,2014,16
33,32.0,\u25bc1,67,Ratto Daniele,24,Cannondale,130.0,+3:09:56,3:09:56 3:09:56,2014,16
34,34.0,-,33,Boem Nicola,24,Bardiani - CSF Pro Team,135.0,+3:20:41,3:20:41 3:20:41,2014,16
35,35.0,-,81,Bouhanni Nacer,23,FDJ.fr,139.0,+3:23:34,3:23:34 3:23:34,2014,16
36,36.0,-,216,Nizzolo Giacomo,25,Trek Factory Racing,143.0,+3:28:33,3:28:33 3:28:33,2014,16
37,37.0,-,78,Romero Jeffry,24,Team Colombia,146.0,+3:31:08,3:31:08 3:31:08,2014,16
38,38.0,-,69,Viviani Elia,25,Cannondale,147.0,+3:32:36,3:32:36 3:32:36,2014,16
39,39.0,-,136,Fedi Andrea,22,Neri Sottoli,151.0,+3:34:10,3:34:10 3:34:10,2014,16
40,40.0,-,212,Alafaci Eugenio,23,Trek Factory Racing,153.0,+3:35:53,3:35:53 3:35:53,2014,16
41,41.0,-,63,Koch Michel,22,Cannondale,154.0,+3:40:22,3:40:22 3:40:22,2014,16
42,42.0,-,153,Hepburn Michael,22,Orica GreenEDGE,159.0,+3:57:19,3:57:19 3:57:19,2014,16
43,44.0,\u25b21,42,Bol Jetse,24,Belkin-Pro Cycling Team,160.0,+4:07:53,4:07:53 4:07:53,2014,16
1,1.0,-,121,Quintana Nairo,24,Movistar Team,1.0,+0:00,73:05:31 73:05:31,2014,17
2,2.0,-,203,Majka Rafa\u0142,24,Tinkoff - Saxo,5.0,+3:28,3:28 3:28,2014,17
3,3.0,-,3,Aru Fabio,23,Astana Pro Team,6.0,+3:34,3:34 3:34,2014,17
4,4.0,-,41,Kelderman Wilco,23,Belkin-Pro Cycling Team,8.0,+4:06,4:06 4:06,2014,17
5,5.0,-,195,Henao Sebasti\xe1n,20,Team Sky,23.0,+44:55,44:55 44:55,2014,17
6,6.0,-,176,Preidler Georg,23,Team Giant - Shimano,29.0,+57:19,57:19 57:19,2014,17
7,7.0,-,7,Landa Mikel,24,Astana Pro Team,31.0,+1:01:28,1:01:28 1:01:28,2014,17
8,8.0,-,109,Ulissi Diego,24,Lampre - Merida,35.0,+1:07:56,1:07:56 1:07:56,2014,17
9,9.0,-,44,Goos Marc,23,Belkin-Pro Cycling Team,40.0,+1:14:19,1:14:19 1:14:19,2014,17
10,10.0,-,107,Polanc Jan,22,Lampre - Merida,41.0,+1:19:36,1:19:36 1:19:36,2014,17
11,11.0,-,205,Poljanski Pawel,24,Tinkoff - Saxo,52.0,+1:40:22,1:40:22 1:40:22,2014,17
12,12.0,-,32,Battaglin Enrico,24,Bardiani - CSF Pro Team,54.0,+1:41:48,1:41:48 1:41:48,2014,17
13,13.0,-,138,Monsalve Yonathan,24,Neri Sottoli,60.0,+1:58:10,1:58:10 1:58:10,2014,17
14,14.0,-,103,Cattaneo Mattia,23,Lampre - Merida,63.0,+2:00:05,2:00:05 2:00:05,2014,17
15,15.0,-,15,Domont Axel,23,AG2R La Mondiale,64.0,+2:00:28,2:00:28 2:00:28,2014,17
16,20.0,\u25b24,118,Wellens Tim,23,Lotto Belisol,71.0,+2:06:08,2:06:08 2:06:08,2014,17
17,16.0,\u25bc1,34,Bongiorno Francesco Manuel,23,Bardiani - CSF Pro Team,72.0,+2:06:37,2:06:37 2:06:37,2014,17
18,17.0,\u25bc1,39,Zardini Edoardo,24,Bardiani - CSF Pro Team,73.0,+2:07:16,2:07:16 2:07:16,2014,17
19,18.0,\u25bc1,28,Rosa Diego,25,Androni Giocattoli - Venezuela,78.0,+2:11:21,2:11:21 2:11:21,2014,17
20,21.0,\u25b21,86,Le Bon Johan,23,FDJ.fr,80.0,+2:11:53,2:11:53 2:11:53,2014,17
21,19.0,\u25bc2,24,Godoy Yonder,21,Androni Giocattoli - Venezuela,87.0,+2:16:34,2:16:34 2:16:34,2014,17
22,26.0,\u25b24,214,Felline Fabio,24,Trek Factory Racing,92.0,+2:26:23,2:26:23 2:26:23,2014,17
23,22.0,\u25bc1,149,Vermote Julien,24,Omega Pharma - Quick-Step,95.0,+2:31:07,2:31:07 2:31:07,2014,17
24,27.0,\u25b23,208,McCarthy Jay,21,Tinkoff - Saxo,97.0,+2:34:02,2:34:02 2:34:02,2014,17
25,23.0,\u25bc2,36,Colbrelli Sonny,24,Bardiani - CSF Pro Team,98.0,+2:34:19,2:34:19 2:34:19,2014,17
26,24.0,\u25bc2,117,Van der Sande Tosh,23,Lotto Belisol,100.0,+2:35:01,2:35:01 2:35:01,2014,17
27,25.0,\u25bc2,197,Puccio Salvatore,24,Team Sky,102.0,+2:38:30,2:38:30 2:38:30,2014,17
28,28.0,-,96,Haas Nathan,25,Garmin Sharp,117.0,+2:55:37,2:55:37 2:55:37,2014,17
29,29.0,-,202,Juul-Jensen Christopher,24,Tinkoff - Saxo,119.0,+2:57:37,2:57:37 2:57:37,2014,17
30,30.0,-,37,Barbin Enrico,24,Bardiani - CSF Pro Team,122.0,+2:59:39,2:59:39 2:59:39,2014,17
31,31.0,-,66,Moser Moreno,23,Cannondale,124.0,+3:03:08,3:03:08 3:03:08,2014,17
32,32.0,-,163,Tulik Angelo,23,Team Europcar,125.0,+3:03:16,3:03:16 3:03:16,2014,17
33,34.0,\u25b21,33,Boem Nicola,24,Bardiani - CSF Pro Team,127.0,+3:05:33,3:05:33 3:05:33,2014,17
34,33.0,\u25bc1,67,Ratto Daniele,24,Cannondale,131.0,+3:09:56,3:09:56 3:09:56,2014,17
35,35.0,-,81,Bouhanni Nacer,23,FDJ.fr,139.0,+3:23:34,3:23:34 3:23:34,2014,17
36,36.0,-,216,Nizzolo Giacomo,25,Trek Factory Racing,143.0,+3:28:33,3:28:33 3:28:33,2014,17
37,37.0,-,78,Romero Jeffry,24,Team Colombia,146.0,+3:31:08,3:31:08 3:31:08,2014,17
38,38.0,-,69,Viviani Elia,25,Cannondale,147.0,+3:32:36,3:32:36 3:32:36,2014,17
39,39.0,-,136,Fedi Andrea,22,Neri Sottoli,151.0,+3:34:10,3:34:10 3:34:10,2014,17
40,40.0,-,212,Alafaci Eugenio,23,Trek Factory Racing,153.0,+3:35:53,3:35:53 3:35:53,2014,17
41,41.0,-,63,Koch Michel,22,Cannondale,154.0,+3:40:22,3:40:22 3:40:22,2014,17
42,42.0,-,153,Hepburn Michael,22,Orica GreenEDGE,159.0,+3:57:19,3:57:19 3:57:19,2014,17
43,43.0,-,42,Bol Jetse,24,Belkin-Pro Cycling Team,160.0,+4:07:53,4:07:53 4:07:53,2014,17
1,1.0,-,121,Quintana Nairo,24,Movistar Team,1.0,+0:00,77:58:08 77:58:08,2014,18
2,3.0,\u25b21,3,Aru Fabio,23,Astana Pro Team,4.0,+3:31,3:31 3:31,2014,18
3,2.0,\u25bc1,203,Majka Rafa\u0142,24,Tinkoff - Saxo,5.0,+3:31,",, 3:31",2014,18
4,4.0,-,41,Kelderman Wilco,23,Belkin-Pro Cycling Team,8.0,+4:37,4:37 4:37,2014,18
5,5.0,-,195,Henao Sebasti\xe1n,20,Team Sky,24.0,+49:22,49:22 49:22,2014,18
6,6.0,-,176,Preidler Georg,23,Team Giant - Shimano,30.0,+1:01:39,1:01:39 1:01:39,2014,18
7,7.0,-,7,Landa Mikel,24,Astana Pro Team,33.0,+1:08:06,1:08:06 1:08:06,2014,18
8,9.0,\u25b21,44,Goos Marc,23,Belkin-Pro Cycling Team,36.0,+1:17:00,1:17:00 1:17:00,2014,18
9,10.0,\u25b21,107,Polanc Jan,22,Lampre - Merida,39.0,+1:23:37,1:23:37 1:23:37,2014,18
10,11.0,\u25b21,205,Poljanski Pawel,24,Tinkoff - Saxo,51.0,+1:53:34,1:53:34 1:53:34,2014,18
11,12.0,\u25b21,32,Battaglin Enrico,24,Bardiani - CSF Pro Team,53.0,+1:56:58,1:56:58 1:56:58,2014,18
12,18.0,\u25b26,39,Zardini Edoardo,24,Bardiani - CSF Pro Team,58.0,+2:05:54,2:05:54 2:05:54,2014,18
13,16.0,\u25b23,118,Wellens Tim,23,Lotto Belisol,59.0,+2:06:27,2:06:27 2:06:27,2014,18
14,15.0,\u25b21,15,Domont Axel,23,AG2R La Mondiale,65.0,+2:15:38,2:15:38 2:15:38,2014,18
15,17.0,\u25b22,34,Bongiorno Francesco Manuel,23,Bardiani - CSF Pro Team,68.0,+2:19:49,2:19:49 2:19:49,2014,18
16,13.0,\u25bc3,138,Monsalve Yonathan,24,Neri Sottoli,69.0,+2:19:57,2:19:57 2:19:57,2014,18
17,14.0,\u25bc3,103,Cattaneo Mattia,23,Lampre - Merida,71.0,+2:22:43,2:22:43 2:22:43,2014,18
18,21.0,\u25b23,24,Godoy Yonder,21,Androni Giocattoli - Venezuela,76.0,+2:27:23,2:27:23 2:27:23,2014,18
19,20.0,\u25b21,86,Le Bon Johan,23,FDJ.fr,85.0,+2:41:05,2:41:05 2:41:05,2014,18
20,23.0,\u25b23,149,Vermote Julien,24,Omega Pharma - Quick-Step,88.0,+2:46:17,2:46:17 2:46:17,2014,18
21,24.0,\u25b23,208,McCarthy Jay,21,Tinkoff - Saxo,91.0,+2:51:44,2:51:44 2:51:44,2014,18
22,22.0,-,214,Felline Fabio,24,Trek Factory Racing,93.0,+2:55:35,2:55:35 2:55:35,2014,18
23,25.0,\u25b22,36,Colbrelli Sonny,24,Bardiani - CSF Pro Team,94.0,+2:56:06,2:56:06 2:56:06,2014,18
24,26.0,\u25b22,117,Van der Sande Tosh,23,Lotto Belisol,95.0,+2:56:48,2:56:48 2:56:48,2014,18
25,27.0,\u25b22,197,Puccio Salvatore,24,Team Sky,98.0,+3:00:17,3:00:17 3:00:17,2014,18
26,29.0,\u25b23,202,Juul-Jensen Christopher,24,Tinkoff - Saxo,105.0,+3:10:49,3:10:49 3:10:49,2014,18
27,28.0,\u25b21,96,Haas Nathan,25,Garmin Sharp,108.0,+3:13:19,3:13:19 3:13:19,2014,18
28,32.0,\u25b24,163,Tulik Angelo,23,Team Europcar,121.0,+3:25:03,3:25:03 3:25:03,2014,18
29,31.0,\u25b22,66,Moser Moreno,23,Cannondale,122.0,+3:25:50,3:25:50 3:25:50,2014,18
30,30.0,-,37,Barbin Enrico,24,Bardiani - CSF Pro Team,123.0,+3:28:51,3:28:51 3:28:51,2014,18
31,34.0,\u25b23,67,Ratto Daniele,24,Cannondale,125.0,+3:32:38,3:32:38 3:32:38,2014,18
32,33.0,\u25b21,33,Boem Nicola,24,Bardiani - CSF Pro Team,127.0,+3:34:45,3:34:45 3:34:45,2014,18
33,35.0,\u25b22,81,Bouhanni Nacer,23,FDJ.fr,137.0,+3:52:46,3:52:46 3:52:46,2014,18
34,36.0,\u25b22,216,Nizzolo Giacomo,25,Trek Factory Racing,141.0,+3:57:45,3:57:45 3:57:45,2014,18
35,37.0,\u25b22,78,Romero Jeffry,24,Team Colombia,143.0,+4:00:20,4:00:20 4:00:20,2014,18
36,38.0,\u25b22,69,Viviani Elia,25,Cannondale,144.0,+4:01:48,4:01:48 4:01:48,2014,18
37,39.0,\u25b22,136,Fedi Andrea,23,Neri Sottoli,148.0,+4:03:22,4:03:22 4:03:22,2014,18
38,40.0,\u25b22,212,Alafaci Eugenio,23,Trek Factory Racing,150.0,+4:05:05,4:05:05 4:05:05,2014,18
39,41.0,\u25b22,63,Koch Michel,22,Cannondale,152.0,+4:09:34,4:09:34 4:09:34,2014,18
40,42.0,\u25b22,153,Hepburn Michael,22,Orica GreenEDGE,156.0,+4:26:31,4:26:31 4:26:31,2014,18
41,43.0,\u25b22,42,Bol Jetse,24,Belkin-Pro Cycling Team,157.0,+4:37:05,4:37:05 4:37:05,2014,18
1,1.0,-,121,Quintana Nairo,24,Movistar Team,1.0,+0:00,79:03:45 79:03:45,2014,19
2,2.0,-,3,Aru Fabio,23,Astana Pro Team,3.0,+3:48,3:48 3:48,2014,19
3,3.0,-,203,Majka Rafa\u0142,24,Tinkoff - Saxo,6.0,+6:59,6:59 6:59,2014,19
4,4.0,-,41,Kelderman Wilco,23,Belkin-Pro Cycling Team,8.0,+9:29,9:29 9:29,2014,19
5,5.0,-,195,Henao Sebasti\xe1n,20,Team Sky,21.0,+53:10,53:10 53:10,2014,19
6,6.0,-,176,Preidler Georg,23,Team Giant - Shimano,29.0,+1:08:05,1:08:05 1:08:05,2014,19
7,7.0,-,7,Landa Mikel,24,Astana Pro Team,33.0,+1:15:20,1:15:20 1:15:20,2014,19
8,8.0,-,44,Goos Marc,23,Belkin-Pro Cycling Team,36.0,+1:24:36,1:24:36 1:24:36,2014,19
9,9.0,-,107,Polanc Jan,22,Lampre - Merida,39.0,+1:31:22,1:31:22 1:31:22,2014,19
10,10.0,-,205,Poljanski Pawel,24,Tinkoff - Saxo,51.0,+2:00:42,2:00:42 2:00:42,2014,19
11,11.0,-,32,Battaglin Enrico,24,Bardiani - CSF Pro Team,52.0,+2:02:09,2:02:09 2:02:09,2014,19
12,13.0,\u25b21,118,Wellens Tim,23,Lotto Belisol,55.0,+2:10:27,2:10:27 2:10:27,2014,19
13,12.0,\u25bc1,39,Zardini Edoardo,24,Bardiani - CSF Pro Team,56.0,+2:10:40,2:10:40 2:10:40,2014,19
14,14.0,-,15,Domont Axel,23,AG2R La Mondiale,64.0,+2:23:31,2:23:31 2:23:31,2014,19
15,15.0,-,34,Bongiorno Francesco Manuel,23,Bardiani - CSF Pro Team,66.0,+2:25:18,2:25:18 2:25:18,2014,19
16,17.0,\u25b21,103,Cattaneo Mattia,23,Lampre - Merida,69.0,+2:28:11,2:28:11 2:28:11,2014,19
17,16.0,\u25bc1,138,Monsalve Yonathan,24,Neri Sottoli,70.0,+2:30:31,2:30:31 2:30:31,2014,19
18,18.0,-,24,Godoy Yonder,21,Androni Giocattoli - Venezuela,76.0,+2:36:29,2:36:29 2:36:29,2014,19
19,19.0,-,86,Le Bon Johan,23,FDJ.fr,84.0,+2:50:18,2:50:18 2:50:18,2014,19
20,20.0,-,149,Vermote Julien,24,Omega Pharma - Quick-Step,89.0,+2:57:15,2:57:15 2:57:15,2014,19
21,21.0,-,208,McCarthy Jay,21,Tinkoff - Saxo,91.0,+3:01:27,3:01:27 3:01:27,2014,19
22,23.0,\u25b21,36,Colbrelli Sonny,24,Bardiani - CSF Pro Team,92.0,+3:02:32,3:02:32 3:02:32,2014,19
23,22.0,\u25bc1,214,Felline Fabio,24,Trek Factory Racing,94.0,+3:04:51,3:04:51 3:04:51,2014,19
24,24.0,-,117,Van der Sande Tosh,23,Lotto Belisol,95.0,+3:06:19,3:06:19 3:06:19,2014,19
25,25.0,-,197,Puccio Salvatore,24,Team Sky,96.0,+3:09:31,3:09:31 3:09:31,2014,19
26,27.0,\u25b21,96,Haas Nathan,25,Garmin Sharp,105.0,+3:22:28,3:22:28 3:22:28,2014,19
27,26.0,\u25bc1,202,Juul-Jensen Christopher,24,Tinkoff - Saxo,106.0,+3:22:30,3:22:30 3:22:30,2014,19
28,28.0,-,163,Tulik Angelo,23,Team Europcar,119.0,+3:36:08,3:36:08 3:36:08,2014,19
29,29.0,-,66,Moser Moreno,23,Cannondale,121.0,+3:36:45,3:36:45 3:36:45,2014,19
30,30.0,-,37,Barbin Enrico,24,Bardiani - CSF Pro Team,123.0,+3:38:10,3:38:10 3:38:10,2014,19
31,32.0,\u25b21,33,Boem Nicola,24,Bardiani - CSF Pro Team,124.0,+3:41:27,3:41:27 3:41:27,2014,19
32,31.0,\u25bc1,67,Ratto Daniele,24,Cannondale,125.0,+3:42:26,3:42:26 3:42:26,2014,19
33,33.0,-,81,Bouhanni Nacer,23,FDJ.fr,138.0,+4:07:04,4:07:04 4:07:04,2014,19
34,34.0,-,216,Nizzolo Giacomo,25,Trek Factory Racing,140.0,+4:10:54,4:10:54 4:10:54,2014,19
35,36.0,\u25b21,69,Viviani Elia,25,Cannondale,143.0,+4:13:08,4:13:08 4:13:08,2014,19
36,37.0,\u25b21,136,Fedi Andrea,23,Neri Sottoli,148.0,+4:17:36,4:17:36 4:17:36,2014,19
37,35.0,\u25bc2,78,Romero Jeffry,24,Team Colombia,150.0,+4:18:20,4:18:20 4:18:20,2014,19
38,39.0,\u25b21,63,Koch Michel,22,Cannondale,151.0,+4:19:14,4:19:14 4:19:14,2014,19
39,38.0,\u25bc1,212,Alafaci Eugenio,23,Trek Factory Racing,152.0,+4:19:52,4:19:52 4:19:52,2014,19
40,40.0,-,153,Hepburn Michael,22,Orica GreenEDGE,154.0,+4:38:15,4:38:15 4:38:15,2014,19
41,41.0,-,42,Bol Jetse,24,Belkin-Pro Cycling Team,157.0,+4:50:48,4:50:48 4:50:48,2014,19
1,1.0,-,121,Quintana Nairo,24,Movistar Team,1.0,+0:00,83:50:25 83:50:25,2014,20
2,2.0,-,3,Aru Fabio,23,Astana Pro Team,3.0,+4:04,4:04 4:04,2014,20
3,3.0,-,203,Majka Rafa\u0142,24,Tinkoff - Saxo,6.0,+7:13,7:13 7:13,2014,20
4,4.0,-,41,Kelderman Wilco,23,Belkin-Pro Cycling Team,7.0,+11:09,11:09 11:09,2014,20
5,5.0,-,195,Henao Sebasti\xe1n,20,Team Sky,22.0,+56:24,56:24 56:24,2014,20
6,6.0,-,176,Preidler Georg,23,Team Giant - Shimano,28.0,+1:05:12,1:05:12 1:05:12,2014,20
7,7.0,-,7,Landa Mikel,24,Astana Pro Team,34.0,+1:23:06,1:23:06 1:23:06,2014,20
8,8.0,-,44,Goos Marc,23,Belkin-Pro Cycling Team,35.0,+1:30:43,1:30:43 1:30:43,2014,20
9,9.0,-,107,Polanc Jan,22,Lampre - Merida,43.0,+1:45:31,1:45:31 1:45:31,2014,20
10,10.0,-,205,Poljanski Pawel,24,Tinkoff - Saxo,51.0,+2:04:10,2:04:10 2:04:10,2014,20
11,11.0,-,32,Battaglin Enrico,24,Bardiani - CSF Pro Team,52.0,+2:06:51,2:06:51 2:06:51,2014,20
12,13.0,\u25b21,39,Zardini Edoardo,24,Bardiani - CSF Pro Team,53.0,+2:09:41,2:09:41 2:09:41,2014,20
13,12.0,\u25bc1,118,Wellens Tim,23,Lotto Belisol,54.0,+2:10:33,2:10:33 2:10:33,2014,20
14,15.0,\u25b21,34,Bongiorno Francesco Manuel,23,Bardiani - CSF Pro Team,58.0,+2:21:18,2:21:18 2:21:18,2014,20
15,14.0,\u25bc1,15,Domont Axel,23,AG2R La Mondiale,59.0,+2:22:05,2:22:05 2:22:05,2014,20
16,16.0,-,103,Cattaneo Mattia,23,Lampre - Merida,63.0,+2:26:05,2:26:05 2:26:05,2014,20
17,17.0,-,138,Monsalve Yonathan,24,Neri Sottoli,66.0,+2:28:48,2:28:48 2:28:48,2014,20
18,18.0,-,24,Godoy Yonder,21,Androni Giocattoli - Venezuela,76.0,+2:46:18,2:46:18 2:46:18,2014,20
19,20.0,\u25b21,149,Vermote Julien,24,Omega Pharma - Quick-Step,88.0,+3:07:48,3:07:48 3:07:48,2014,20
20,19.0,\u25bc1,86,Le Bon Johan,23,FDJ.fr,90.0,+3:10:20,3:10:20 3:10:20,2014,20
21,21.0,-,208,McCarthy Jay,21,Tinkoff - Saxo,91.0,+3:13:23,3:13:23 3:13:23,2014,20
22,24.0,\u25b22,117,Van der Sande Tosh,23,Lotto Belisol,93.0,+3:15:27,3:15:27 3:15:27,2014,20
23,22.0,\u25bc1,36,Colbrelli Sonny,24,Bardiani - CSF Pro Team,94.0,+3:17:36,3:17:36 3:17:36,2014,20
24,23.0,\u25bc1,214,Felline Fabio,24,Trek Factory Racing,96.0,+3:18:04,3:18:04 3:18:04,2014,20
25,25.0,-,197,Puccio Salvatore,24,Team Sky,99.0,+3:22:27,3:22:27 3:22:27,2014,20
26,27.0,\u25b21,202,Juul-Jensen Christopher,24,Tinkoff - Saxo,100.0,+3:29:39,3:29:39 3:29:39,2014,20
27,26.0,\u25bc1,96,Haas Nathan,25,Garmin Sharp,104.0,+3:34:24,3:34:24 3:34:24,2014,20
28,29.0,\u25b21,66,Moser Moreno,23,Cannondale,120.0,+3:53:14,3:53:14 3:53:14,2014,20
29,30.0,\u25b21,37,Barbin Enrico,24,Bardiani - CSF Pro Team,121.0,+3:53:14,",, 3:53:14",2014,20
30,28.0,\u25bc2,163,Tulik Angelo,23,Team Europcar,122.0,+3:56:12,3:56:12 3:56:12,2014,20
31,31.0,-,33,Boem Nicola,24,Bardiani - CSF Pro Team,125.0,+4:04:33,4:04:33 4:04:33,2014,20
32,32.0,-,67,Ratto Daniele,24,Cannondale,127.0,+4:04:39,4:04:39 4:04:39,2014,20
33,33.0,-,81,Bouhanni Nacer,23,FDJ.fr,140.0,+4:30:15,4:30:15 4:30:15,2014,20
34,34.0,-,216,Nizzolo Giacomo,25,Trek Factory Racing,142.0,+4:32:16,4:32:16 4:32:16,2014,20
35,35.0,-,69,Viviani Elia,25,Cannondale,145.0,+4:35:21,4:35:21 4:35:21,2014,20
36,36.0,-,136,Fedi Andrea,23,Neri Sottoli,147.0,+4:38:08,4:38:08 4:38:08,2014,20
37,37.0,-,78,Romero Jeffry,24,Team Colombia,149.0,+4:38:41,4:38:41 4:38:41,2014,20
38,39.0,\u25b21,212,Alafaci Eugenio,23,Trek Factory Racing,150.0,+4:40:31,4:40:31 4:40:31,2014,20
39,38.0,\u25bc1,63,Koch Michel,22,Cannondale,152.0,+4:41:27,4:41:27 4:41:27,2014,20
40,40.0,-,153,Hepburn Michael,22,Orica GreenEDGE,154.0,+5:02:39,5:02:39 5:02:39,2014,20
41,41.0,-,42,Bol Jetse,24,Belkin-Pro Cycling Team,156.0,+5:13:20,5:13:20 5:13:20,2014,20
1,1.0,-,121,Quintana Nairo,24,Movistar Team,1.0,+0:00,88:14:32 88:14:32,2014,21
2,2.0,-,3,Aru Fabio,23,Astana Pro Team,3.0,+4:04,4:04 4:04,2014,21
3,3.0,-,203,Majka Rafa\u0142,24,Tinkoff - Saxo,6.0,+7:04,7:04 7:04,2014,21
4,4.0,-,41,Kelderman Wilco,23,Belkin-Pro Cycling Team,7.0,+11:00,11:00 11:00,2014,21
5,5.0,-,195,Henao Sebasti\xe1n,20,Team Sky,22.0,+56:24,56:24 56:24,2014,21
6,6.0,-,176,Preidler Georg,23,Team Giant - Shimano,27.0,+1:05:03,1:05:03 1:05:03,2014,21
7,7.0,-,7,Landa Mikel,24,Astana Pro Team,34.0,+1:23:06,1:23:06 1:23:06,2014,21
8,8.0,-,44,Goos Marc,23,Belkin-Pro Cycling Team,35.0,+1:30:43,1:30:43 1:30:43,2014,21
9,9.0,-,107,Polanc Jan,22,Lampre - Merida,42.0,+1:45:31,1:45:31 1:45:31,2014,21
10,10.0,-,205,Poljanski Pawel,24,Tinkoff - Saxo,50.0,+2:04:29,2:04:29 2:04:29,2014,21
11,11.0,-,32,Battaglin Enrico,24,Bardiani - CSF Pro Team,52.0,+2:06:42,2:06:42 2:06:42,2014,21
12,12.0,-,39,Zardini Edoardo,24,Bardiani - CSF Pro Team,53.0,+2:10:50,2:10:50 2:10:50,2014,21
13,13.0,-,118,Wellens Tim,23,Lotto Belisol,54.0,+2:12:34,2:12:34 2:12:34,2014,21
14,15.0,\u25b21,15,Domont Axel,23,AG2R La Mondiale,58.0,+2:22:05,2:22:05 2:22:05,2014,21
15,14.0,\u25bc1,34,Bongiorno Francesco Manuel,23,Bardiani - CSF Pro Team,59.0,+2:23:07,2:23:07 2:23:07,2014,21
16,16.0,-,103,Cattaneo Mattia,23,Lampre - Merida,64.0,+2:27:54,2:27:54 2:27:54,2014,21
17,17.0,-,138,Monsalve Yonathan,24,Neri Sottoli,66.0,+2:28:48,2:28:48 2:28:48,2014,21
18,18.0,-,24,Godoy Yonder,21,Androni Giocattoli - Venezuela,76.0,+2:47:27,2:47:27 2:47:27,2014,21
19,19.0,-,149,Vermote Julien,24,Omega Pharma - Quick-Step,88.0,+3:07:48,3:07:48 3:07:48,2014,21
20,20.0,-,86,Le Bon Johan,23,FDJ.fr,89.0,+3:10:20,3:10:20 3:10:20,2014,21
21,21.0,-,208,McCarthy Jay,21,Tinkoff - Saxo,91.0,+3:13:23,3:13:23 3:13:23,2014,21
22,22.0,-,117,Van der Sande Tosh,23,Lotto Belisol,93.0,+3:15:18,3:15:18 3:15:18,2014,21
23,23.0,-,36,Colbrelli Sonny,24,Bardiani - CSF Pro Team,94.0,+3:17:27,3:17:27 3:17:27,2014,21
24,24.0,-,214,Felline Fabio,24,Trek Factory Racing,96.0,+3:19:56,3:19:56 3:19:56,2014,21
25,25.0,-,197,Puccio Salvatore,24,Team Sky,98.0,+3:22:27,3:22:27 3:22:27,2014,21
26,26.0,-,202,Juul-Jensen Christopher,24,Tinkoff - Saxo,100.0,+3:32:08,3:32:08 3:32:08,2014,21
27,27.0,-,96,Haas Nathan,25,Garmin Sharp,104.0,+3:34:24,3:34:24 3:34:24,2014,21
28,29.0,\u25b21,37,Barbin Enrico,24,Bardiani - CSF Pro Team,119.0,+3:53:05,3:53:05 3:53:05,2014,21
29,28.0,\u25bc1,66,Moser Moreno,23,Cannondale,120.0,+3:53:33,3:53:33 3:53:33,2014,21
30,30.0,-,163,Tulik Angelo,23,Team Europcar,123.0,+3:58:41,3:58:41 3:58:41,2014,21
31,32.0,\u25b21,67,Ratto Daniele,24,Cannondale,126.0,+4:04:39,4:04:39 4:04:39,2014,21
32,31.0,\u25bc1,33,Boem Nicola,24,Bardiani - CSF Pro Team,128.0,+4:05:56,4:05:56 4:05:56,2014,21
33,33.0,-,81,Bouhanni Nacer,23,FDJ.fr,140.0,+4:30:05,4:30:05 4:30:05,2014,21
34,34.0,-,216,Nizzolo Giacomo,25,Trek Factory Racing,141.0,+4:32:01,4:32:01 4:32:01,2014,21
35,35.0,-,69,Viviani Elia,25,Cannondale,145.0,+4:35:12,4:35:12 4:35:12,2014,21
36,36.0,-,136,Fedi Andrea,23,Neri Sottoli,148.0,+4:38:27,4:38:27 4:38:27,2014,21
37,37.0,-,78,Romero Jeffry,24,Team Colombia,149.0,+4:39:50,4:39:50 4:39:50,2014,21
38,38.0,-,212,Alafaci Eugenio,23,Trek Factory Racing,151.0,+4:42:20,4:42:20 4:42:20,2014,21
39,39.0,-,63,Koch Michel,22,Cannondale,152.0,+4:42:36,4:42:36 4:42:36,2014,21
40,40.0,-,153,Hepburn Michael,22,Orica GreenEDGE,154.0,+5:03:48,5:03:48 5:03:48,2014,21
41,41.0,-,42,Bol Jetse,24,Belkin-Pro Cycling Team,156.0,+5:15:19,5:15:19 5:15:19,2014,21
